Less.Than.High.School,At.Least.High.School.Diploma,At.Least.Bachelor.s.Degree,Adults.65.and.Older.Living.in.Poverty
14.7,85.3,21.7,8.75
12.4,87.6,26.8,5.2
28.1,71.9,13.5,21.3
25.5,74.5,10.0,12.4
25.3,74.7,12.5,10.8
25.3,74.7,12.0,24.25
25.2,74.8,11.0,21.25
21.5,78.5,16.1,11.1
28.2,71.8,10.8,14.5
26.6,73.4,10.5,10.45
24.1,75.9,12.2,11.95
28.9,71.1,10.9,20.6
23.9,76.1,13.5,24.15
28.6,71.4,9.5,16.0
29.7,70.3,8.4,15.05
20.7,79.3,22.1,13.4
19.9,80.1,16.4,9.2
28.7,71.3,9.7,19.95
26.9,73.1,10.6,17.25
23.5,76.5,13.1,12.45
26.3,73.7,10.1,17.6
23.1,76.9,13.8,13.45
17.8,82.2,17.5,10.85
23.2,76.8,14.3,26.85
31.9,68.1,10.9,17.05
16.2,83.8,20.2,10.2
27.0,73.0,10.9,15.15
18.8,81.2,15.8,11.65
25.3,74.7,9.5,14.55
30.4,69.6,11.8,13.6
27.7,72.3,8.0,11.1
27.4,72.6,9.9,22.2
30.1,69.9,10.0,20.95
23.9,76.1,15.0,16.05
18.1,81.9,19.0,11.55
26.0,74.0,12.0,14.9
13.4,86.6,28.8,10.6
24.7,75.3,9.2,17.35
17.1,82.9,21.5,9.15
24.8,75.2,10.7,11.65
14.8,85.2,30.9,9.55
19.6,80.4,20.8,11.25
26.6,73.4,12.7,17.65
21.2,78.8,20.9,20.05
12.2,87.8,37.4,6.85
20.3,79.7,17.9,17.55
29.0,71.0,8.8,14.25
26.3,73.7,14.5,13.3
17.7,82.3,19.8,12.95
24.6,75.4,11.2,20.45
15.3,84.7,30.5,11.15
19.2,80.8,19.1,12.1
28.5,71.5,13.3,16.35
21.3,78.7,11.5,22.15
20.6,79.4,23.7,16.2
28.4,71.6,12.2,13.15
23.1,76.9,11.9,17.1
20.7,79.3,14.5,9.8
8.5,91.5,39.6,5.15
24.6,75.4,12.8,30.0
24.3,75.7,11.9,15.45
23.9,76.1,15.7,10.2
15.3,84.7,26.2,11.0
24.5,75.5,9.7,12.7
22.0,78.0,9.3,17.85
31.5,68.5,13.2,23.45
30.7,69.3,11.1,14.9
35.9,64.1,9.6,13.8
29.6,70.4,9.0,8.3
8.1,91.9,33.0,3.75
21.6,78.4,13.9,6.15
9.4,90.6,15.9,1.3
4.3,95.7,27.5,0.0
17.4,82.6,20.2,3.7
7.1,92.9,27.1,3.45
6.0,94.0,33.1,0.0
12.4,87.6,27.9,3.55
4.7,95.3,34.7,3.05
7.9,92.1,22.4,4.9
7.5,92.5,24.2,8.65
12.3,87.7,21.8,5.75
22.0,78.0,13.5,20.65
8.2,91.8,20.8,6.05
16.2,83.8,14.9,16.35
26.2,73.8,13.5,1.4
20.4,79.6,12.5,6.2
4.5,95.5,27.4,0.85
11.6,88.4,17.8,7.0
7.7,92.3,29.2,0.0
4.7,95.3,32.3,0.0
8.9,91.1,20.0,3.8
7.4,92.6,23.7,6.25
26.4,73.6,7.7,11.3
10.4,89.6,16.2,12.0
9.5,90.5,17.9,0.0
20.5,79.5,11.5,9.9
27.9,72.1,10.3,31.0
15.2,84.8,21.4,11.2
13.0,87.0,31.1,13.6
16.6,83.4,15.0,11.3
18.2,81.8,13.4,9.65
10.2,89.8,13.4,16.0
23.1,76.9,9.0,6.55
14.4,85.6,29.0,7.2
17.0,83.0,12.0,7.2
19.5,80.5,14.4,12.85
13.2,86.8,29.6,8.45
16.3,83.7,17.9,7.95
29.1,70.9,17.3,16.15
10.6,89.4,23.7,6.7
28.4,71.6,13.3,12.6
20.6,79.4,14.3,15.4
18.9,81.1,13.7,12.25
16.3,83.7,14.5,9.2
15.8,84.2,25.9,7.5
16.2,83.8,14.5,13.9
30.6,69.4,12.7,19.15
22.2,77.8,6.6,20.7
21.0,79.0,17.4,9.6
30.7,69.3,12.6,24.15
16.9,83.1,21.7,13.15
26.9,73.1,8.8,15.8
20.9,79.1,13.8,11.0
14.1,85.9,14.0,10.5
16.3,83.7,20.8,16.1
17.3,82.7,13.8,14.35
16.7,83.3,23.1,10.75
22.6,77.4,13.0,12.8
23.7,76.3,14.2,16.0
23.9,76.1,12.6,20.85
19.7,80.3,12.4,18.7
27.5,72.5,13.6,23.0
19.4,80.6,19.4,14.4
12.6,87.4,26.4,7.8
17.4,82.6,11.6,11.9
20.6,79.4,9.7,14.55
15.0,85.0,20.2,9.15
15.2,84.8,14.7,8.4
19.1,80.9,12.0,14.0
19.3,80.7,14.7,10.1
18.7,81.3,12.5,9.55
21.9,78.1,12.4,15.55
17.6,82.4,14.7,15.1
18.4,81.6,12.3,10.45
27.7,72.3,7.0,19.1
18.4,81.6,16.5,13.0
23.6,76.4,14.8,12.4
22.1,77.9,13.3,14.35
25.2,74.8,9.2,14.0
30.7,69.3,8.5,28.3
26.8,73.2,8.6,21.65
18.8,81.2,11.9,12.1
23.3,76.7,11.7,12.45
14.2,85.8,16.6,12.95
24.2,75.8,13.4,18.45
14.9,85.1,14.8,8.35
17.0,83.0,12.7,13.65
24.4,75.6,11.0,17.35
31.4,68.6,12.3,23.55
17.8,82.2,10.1,14.65
21.7,78.3,10.7,18.8
22.0,78.0,12.2,24.15
18.2,81.8,13.2,15.8
18.4,81.6,10.5,14.5
29.1,70.9,12.1,17.4
22.8,77.2,12.4,11.55
27.2,72.8,8.8,18.0
19.6,80.4,10.0,9.6
18.1,81.9,20.1,8.9
22.0,78.0,11.5,15.7
11.8,88.2,30.7,9.3
22.2,77.8,11.1,22.5
26.7,73.3,10.5,25.9
12.4,87.6,22.6,4.9
26.3,73.7,9.0,15.65
27.3,72.7,9.2,14.3
19.0,81.0,17.9,11.2
31.2,68.8,9.3,13.0
19.6,80.4,12.5,15.4
24.2,75.8,10.4,21.35
18.7,81.3,16.1,11.75
19.0,81.0,13.2,12.4
18.3,81.7,27.4,10.2
18.2,81.8,17.3,11.15
26.9,73.1,9.0,23.3
29.8,70.2,10.3,16.8
14.1,85.9,40.3,8.35
7.9,92.1,29.7,0.85
12.6,87.4,19.0,5.45
14.3,85.7,24.1,5.85
9.3,90.7,19.6,5.1
29.5,70.5,11.7,7.4
11.6,88.4,38.2,5.65
18.7,81.3,14.3,8.8
7.3,92.7,31.1,5.25
26.9,73.1,19.7,10.5
26.1,73.9,16.2,9.95
9.6,90.4,26.3,6.95
37.7,62.3,12.2,14.05
11.4,88.6,20.9,6.35
28.9,71.1,14.7,10.2
30.1,69.9,11.8,9.3
13.7,86.3,16.4,6.6
20.2,79.8,12.4,7.75
24.1,75.9,29.0,11.0
32.1,67.9,13.5,9.1
8.2,91.8,54.1,5.4
10.0,90.0,20.4,3.9
16.8,83.2,22.7,9.85
33.0,67.0,12.5,10.7
15.7,84.3,15.6,9.85
12.6,87.4,29.9,3.25
29.3,70.7,23.4,7.1
17.8,82.2,30.0,7.2
5.9,94.1,31.9,4.75
16.7,83.3,36.0,7.05
7.0,93.0,34.1,6.0
7.8,92.2,19.8,5.75
20.8,79.2,20.5,7.9
14.9,85.1,27.8,7.5
26.2,73.8,18.3,7.4
22.5,77.5,18.4,9.25
14.7,85.3,34.1,7.7
14.3,85.7,51.2,11.6
23.3,76.7,17.5,9.8
11.8,88.2,30.6,5.8
11.5,88.5,44.0,6.85
19.9,80.1,31.0,6.25
13.7,86.3,45.3,6.65
15.9,84.1,37.3,7.1
11.9,88.1,20.0,7.15
11.7,88.3,23.0,6.05
11.6,88.4,22.6,7.4
14.2,85.8,24.0,7.15
13.8,86.2,31.5,5.65
24.7,75.3,16.3,8.45
21.6,78.4,18.7,8.35
19.7,80.3,12.6,7.8
9.9,90.1,19.5,6.3
32.7,67.3,13.0,12.3
12.7,87.3,17.3,4.85
17.7,82.3,30.8,6.45
15.7,84.3,37.8,7.15
23.1,76.9,12.5,7.2
19.0,81.0,20.3,9.2
13.6,86.4,26.6,20.7
9.6,90.4,37.9,9.55
6.8,93.2,39.0,7.85
15.0,85.0,19.0,14.85
19.6,80.4,13.2,13.6
6.3,93.7,57.0,5.15
4.7,95.3,44.4,4.2
9.2,90.8,33.3,11.75
12.1,87.9,18.5,3.35
3.1,96.9,41.6,4.35
18.6,81.4,18.7,14.35
26.1,73.9,14.3,19.45
27.6,72.4,12.2,21.65
6.3,93.7,29.2,2.85
14.0,86.0,18.3,10.0
16.0,84.0,40.1,14.1
14.0,86.0,14.9,8.35
2.4,97.6,54.4,2.45
12.8,87.2,45.9,4.85
3.9,96.1,29.2,3.95
7.5,92.5,34.9,6.55
20.8,79.2,16.2,10.5
14.4,85.6,24.4,8.2
5.2,94.8,33.7,15.95
5.2,94.8,28.8,6.9
6.9,93.1,45.8,5.0
9.2,90.8,42.0,7.4
14.9,85.1,27.2,11.0
8.6,91.4,21.7,5.85
7.1,92.9,39.3,5.05
9.0,91.0,20.1,9.15
15.5,84.5,14.9,9.95
20.6,79.4,20.7,16.7
6.4,93.6,40.6,6.3
6.3,93.7,42.5,6.5
16.2,83.8,19.3,14.3
15.5,84.5,15.3,7.2
13.3,86.7,18.0,11.3
10.9,89.1,25.4,7.65
2.6,97.4,39.1,5.3
11.6,88.4,14.9,15.1
11.6,88.4,26.5,6.5
14.6,85.4,22.3,9.7
22.3,77.7,14.6,10.45
20.2,79.8,15.4,12.4
4.8,95.2,41.3,4.35
6.5,93.5,32.6,10.55
14.7,85.3,16.0,6.35
3.9,96.1,59.7,8.15
19.5,80.5,18.3,14.85
14.3,85.7,20.9,8.65
8.2,91.8,22.7,5.25
16.1,83.9,19.2,17.2
3.2,96.8,45.6,5.4
23.9,76.1,19.4,16.55
6.6,93.4,30.8,9.5
5.3,94.7,48.8,6.8
17.4,82.6,12.7,6.4
5.4,94.6,49.9,0.8
5.9,94.1,31.0,6.55
14.6,85.4,18.3,7.45
15.3,84.7,25.4,10.55
16.4,83.6,17.8,11.35
11.7,88.3,43.6,6.55
12.9,87.1,33.3,7.85
8.8,91.2,32.3,5.25
8.0,92.0,37.0,4.45
12.3,87.7,31.7,7.15
10.2,89.8,30.6,5.7
7.8,92.2,36.8,4.2
15.5,84.5,21.3,7.45
15.1,84.9,20.0,8.15
11.6,88.4,32.4,7.5
14.8,85.2,21.2,6.45
6.75,43.25,24.6,14.4
10.3,89.7,40.9,7.5
21.6,78.4,6.2,11.0
13.7,86.3,20.4,7.9
23.6,76.4,8.6,14.85
9.4,90.6,26.2,7.0
12.9,87.1,29.6,12.05
25.9,74.1,11.6,8.5
11.7,88.3,21.3,6.0
15.0,85.0,16.5,7.9
9.7,90.3,23.8,7.55
15.2,84.8,30.8,5.85
18.0,82.0,14.9,10.65
32.5,67.5,11.6,10.9
27.4,72.6,6.2,8.85
12.8,87.2,24.9,9.95
13.3,86.7,23.4,9.5
9.8,90.2,22.0,5.35
21.7,78.3,18.8,16.05
24.3,75.7,12.3,14.7
18.9,81.1,8.6,13.0
28.7,71.3,11.3,10.4
22.3,77.7,13.6,7.0
26.1,73.9,7.8,18.1
40.1,59.9,7.5,20.4
38.0,62.0,8.2,10.0
14.4,85.6,16.2,6.65
21.2,78.8,14.6,9.45
14.2,85.8,28.8,9.9
25.9,74.1,11.1,11.7
13.7,86.3,26.7,6.65
22.6,77.4,12.8,22.0
20.1,79.9,14.7,18.4
18.7,81.3,9.0,17.9
13.1,86.9,20.3,5.7
13.3,86.7,24.6,6.95
9.4,90.6,41.3,6.45
19.7,80.3,12.2,13.5
25.1,74.9,15.1,21.4
25.2,74.8,10.6,19.05
13.1,86.9,25.6,7.3
15.5,84.5,17.1,8.75
11.4,88.6,29.4,5.75
23.0,77.0,26.2,22.0
10.2,89.8,28.7,10.15
13.5,86.5,21.9,9.65
9.3,90.7,26.8,6.6
28.4,71.6,11.4,10.7
13.1,86.9,30.3,9.55
15.6,84.4,18.3,10.05
13.2,86.8,31.8,7.75
13.9,86.1,20.0,8.05
11.9,88.1,27.1,9.05
18.1,81.9,18.0,8.7
22.0,78.0,12.2,16.1
7.2,92.8,38.7,6.95
16.6,83.4,17.8,7.85
11.6,88.4,24.7,7.35
9.4,90.6,29.1,6.65
9.3,90.7,33.6,8.55
15.5,84.5,19.0,5.1
20.1,79.9,10.2,15.4
21.3,78.7,12.0,14.7
22.9,77.1,9.3,15.1
12.7,87.3,21.0,8.55
15.5,84.5,17.3,10.2
15.7,84.3,25.0,8.95
21.3,78.7,12.8,9.25
24.9,75.1,8.3,13.5
33.3,66.7,8.0,22.8
27.4,72.6,7.4,14.55
24.9,75.1,12.2,5.75
22.0,78.0,18.4,12.15
27.0,73.0,10.5,16.3
21.1,78.9,14.9,14.15
21.7,78.3,16.5,12.0
30.1,69.9,12.3,18.75
31.1,68.9,10.8,20.3
18.8,81.2,23.1,12.9
26.8,73.2,10.1,13.85
24.3,75.7,4.9,11.85
21.8,78.2,15.8,22.35
11.6,88.4,27.6,12.75
14.8,85.2,25.2,12.25
24.9,75.1,9.1,17.6
23.5,76.5,9.1,10.5
31.7,68.3,8.7,17.4
10.9,89.1,20.4,15.95
22.5,77.5,13.2,14.65
21.2,78.8,18.3,15.1
17.9,82.1,17.3,9.55
27.4,72.6,7.2,13.95
12.6,87.4,29.0,11.2
6.8,93.2,31.5,25.15
31.6,68.4,8.0,16.9
11.1,88.9,33.6,7.85
15.7,84.3,41.2,10.65
21.9,78.1,8.5,19.5
17.4,82.6,17.9,7.75
27.1,72.9,17.1,23.55
9.8,90.2,43.8,6.8
26.1,73.9,11.0,19.65
28.2,71.8,11.2,17.35
10.1,89.9,33.8,6.25
27.8,72.2,10.4,24.0
12.8,87.2,25.7,7.85
21.3,78.7,13.6,21.1
26.6,73.4,11.7,17.4
20.9,79.1,16.8,12.0
15.4,84.6,18.8,5.65
24.4,75.6,12.5,18.95
12.1,87.9,38.7,10.75
23.1,76.9,13.8,20.6
30.3,69.7,9.6,21.6
19.3,80.7,19.6,15.65
13.6,86.4,23.7,9.5
22.9,77.1,13.5,15.35
32.2,67.8,6.1,4.8
15.7,84.3,15.5,11.5
27.0,73.0,9.6,11.8
27.6,72.4,9.7,15.95
26.7,73.3,13.4,17.55
22.1,77.9,16.2,13.1
6.4,93.6,41.5,4.55
24.1,75.9,17.9,10.6
9.4,90.6,43.6,5.45
25.7,74.3,13.6,14.65
10.4,89.6,47.6,12.5
24.6,75.4,13.4,11.25
27.5,72.5,10.5,22.25
13.9,86.1,26.4,9.15
26.7,73.3,12.7,18.3
25.9,74.1,10.1,19.25
24.7,75.3,18.9,16.2
12.7,87.3,34.9,8.0
25.0,75.0,18.7,13.4
23.5,76.5,21.0,13.25
33.9,66.1,10.3,18.75
30.4,69.6,11.0,16.6
11.5,88.5,27.4,11.1
24.7,75.3,15.2,16.0
28.2,71.8,7.3,20.7
10.8,89.2,24.4,5.35
12.7,87.3,24.4,10.2
29.7,70.3,9.2,22.15
21.1,78.9,17.7,15.0
21.7,78.3,13.3,17.95
24.8,75.2,11.5,20.95
27.4,72.6,8.7,27.1
29.4,70.6,12.8,22.8
34.5,65.5,8.9,30.15
14.6,85.4,17.2,24.2
23.8,76.2,9.7,17.6
23.2,76.8,9.4,11.8
20.4,79.6,15.9,22.65
16.6,83.4,19.2,9.65
11.3,88.7,16.3,15.0
22.6,77.4,9.7,28.7
21.3,78.7,9.1,18.7
17.1,82.9,22.3,14.15
19.1,80.9,19.5,11.1
29.9,70.1,11.5,21.9
24.9,75.1,15.0,13.1
32.5,67.5,10.7,27.85
27.1,72.9,12.9,18.65
19.8,80.2,6.8,11.55
27.2,72.8,9.7,12.1
26.6,73.4,9.4,16.95
34.0,66.0,9.6,14.85
19.3,80.7,19.0,12.45
18.7,81.3,15.5,20.25
21.1,78.9,23.8,14.0
33.8,66.2,6.7,15.5
16.2,83.8,21.6,12.7
16.6,83.4,19.4,7.4
11.3,88.7,44.9,9.2
24.3,75.7,11.7,18.2
14.1,85.9,20.8,14.35
19.9,80.1,18.0,13.5
20.7,79.3,22.0,10.85
22.6,77.4,8.8,16.4
17.0,83.0,15.7,7.95
28.4,71.6,11.4,10.1
22.8,77.2,5.6,13.65
19.6,80.4,18.8,13.4
33.5,66.5,7.4,24.65
19.5,80.5,24.7,13.25
29.6,70.4,13.1,19.75
17.7,82.3,20.3,12.3
15.2,84.8,23.6,6.8
28.6,71.4,8.7,14.7
25.3,74.7,11.4,20.3
23.0,77.0,10.3,14.15
25.2,74.8,13.6,14.85
25.2,74.8,13.3,14.85
29.6,70.4,11.0,23.4
24.6,75.4,18.9,12.85
21.3,78.7,10.9,21.4
41.6,58.4,6.8,24.35
26.0,74.0,11.9,13.25
36.5,63.5,7.4,26.75
31.1,68.9,8.1,30.2
34.2,65.8,9.9,23.8
18.6,81.4,19.6,13.35
24.1,75.9,16.3,14.6
19.9,80.1,14.3,21.65
13.5,86.5,20.8,8.25
27.0,73.0,9.9,16.4
20.7,79.3,19.4,14.55
31.5,68.5,13.2,17.65
38.6,61.4,6.7,19.85
17.1,82.9,21.6,10.75
23.9,76.1,11.3,11.9
23.8,76.2,12.8,9.45
19.6,80.4,17.3,8.85
20.4,79.6,12.2,10.25
30.4,69.6,4.7,18.25
25.2,74.8,10.7,18.45
22.1,77.9,10.9,16.55
21.9,78.1,7.9,18.1
30.3,69.7,8.6,42.8
16.7,83.3,19.6,12.9
32.6,67.4,15.1,14.5
27.0,73.0,8.8,24.25
28.2,71.8,15.5,18.2
20.8,79.2,12.1,22.4
26.4,73.6,9.4,16.1
9.5,90.5,26.6,9.0
10.1,89.9,31.1,7.45
10.15,39.85,12.15,9.3
11.7,88.3,22.7,9.55
11.3,88.7,25.7,5.6
7.1,92.9,35.0,6.65
11.6,88.4,21.3,10.8
9.5,90.5,27.3,4.75
9.6,90.4,16.7,11.25
12.8,87.2,12.1,6.15
15.4,84.6,15.9,10.95
8.0,92.0,43.2,7.15
12.8,87.2,23.9,9.85
9.0,91.0,22.5,6.85
9.4,90.6,26.2,6.25
17.1,82.9,12.9,13.85
11.4,88.6,17.5,7.05
18.1,81.9,22.6,4.6
18.0,82.0,16.7,9.15
12.0,88.0,16.2,5.3
21.2,78.8,15.7,10.1
31.1,68.9,5.3,23.35
15.3,84.7,14.4,7.45
7.1,92.9,24.5,14.6
15.5,84.5,14.6,6.05
8.3,91.7,18.5,7.15
15.0,85.0,19.8,10.2
16.5,83.5,12.6,9.75
23.8,76.2,11.5,18.1
14.3,85.7,12.3,10.3
14.2,85.8,17.8,10.3
28.4,71.6,12.1,7.85
8.6,91.4,23.2,7.55
6.5,93.5,41.8,4.7
8.1,91.9,22.3,11.85
9.8,90.2,15.5,6.1
23.4,76.6,11.4,28.35
4.8,95.2,30.0,10.1
25.1,74.9,9.4,8.5
10.3,89.7,18.2,7.0
7.7,92.3,15.6,11.25
24.9,75.1,10.3,9.35
16.3,83.7,13.8,8.2
17.9,82.1,18.9,13.0
17.9,82.1,11.9,9.85
11.0,89.0,31.6,1.75
16.7,83.3,16.8,11.15
6.7,93.3,36.1,8.5
20.0,80.0,17.4,10.4
10.8,89.2,21.1,7.95
24.0,76.0,9.5,18.65
12.0,88.0,24.7,9.8
14.6,85.4,20.8,4.7
24.4,75.6,10.9,8.85
10.8,89.2,16.1,7.5
15.7,84.3,12.5,14.25
13.1,86.9,15.9,5.8
19.4,80.6,12.3,9.75
7.7,92.3,41.2,8.1
14.2,85.8,12.1,9.7
12.0,88.0,16.4,9.6
13.8,86.2,13.8,15.2
14.2,85.8,18.9,6.05
10.7,89.3,23.3,5.8
16.8,83.2,33.2,11.6
13.5,86.5,13.5,9.45
11.9,88.1,13.0,9.55
9.3,90.7,28.0,4.45
9.7,90.3,15.7,7.35
18.3,81.7,14.9,6.05
8.0,92.0,45.3,4.75
11.6,88.4,16.8,8.2
11.0,89.0,13.1,12.2
10.6,89.4,20.0,7.7
17.1,82.9,14.3,10.5
12.7,87.3,17.8,8.55
16.2,83.8,12.4,10.0
16.4,83.6,13.4,7.4
22.3,77.7,10.1,14.7
14.8,85.2,13.5,10.2
9.3,90.7,18.3,5.6
19.2,80.8,12.7,8.4
9.9,90.1,19.1,11.45
23.0,77.0,11.0,11.75
12.8,87.2,14.9,8.85
12.1,87.9,20.6,8.6
12.8,87.2,13.7,8.1
10.5,89.5,35.4,7.9
11.8,88.2,13.0,5.05
16.3,83.7,14.1,11.25
12.9,87.1,16.0,7.5
10.9,89.1,23.0,7.25
22.0,78.0,12.8,9.8
16.8,83.2,31.8,6.25
14.8,85.2,17.4,8.6
8.0,92.0,32.3,3.0
14.8,85.2,15.2,7.35
11.5,88.5,41.3,5.65
12.2,87.8,15.8,6.9
18.9,81.1,11.1,7.55
14.3,85.7,15.0,6.75
15.9,84.1,13.5,5.95
14.6,85.4,17.0,5.1
8.8,91.2,32.6,9.05
8.3,91.7,32.1,4.55
6.6,93.4,40.4,5.45
13.1,86.9,20.5,6.3
13.2,86.8,15.0,5.75
10.6,89.4,23.0,6.7
15.9,84.1,13.6,10.15
9.8,90.2,17.1,6.1
16.7,83.3,16.5,9.9
15.0,85.0,14.1,13.15
9.7,90.3,24.2,9.2
11.3,88.7,14.5,6.25
9.0,91.0,24.7,2.25
16.5,83.5,13.3,8.3
13.5,86.5,20.2,7.9
16.2,83.8,13.8,6.8
12.6,87.4,17.8,5.7
11.3,88.7,28.1,7.75
18.5,81.5,13.5,7.15
10.2,89.8,22.9,3.7
14.0,86.0,12.7,11.1
14.9,85.1,8.3,9.75
21.1,78.9,11.9,20.65
11.3,88.7,15.0,6.15
21.5,78.5,12.0,10.5
10.9,89.1,18.1,11.6
13.3,86.7,21.1,6.9
12.6,87.4,23.9,9.75
17.9,82.1,14.3,10.8
9.0,91.0,31.0,7.55
10.8,89.2,17.7,12.75
11.7,88.3,18.0,11.2
12.3,87.7,14.7,8.6
12.0,88.0,15.2,4.75
11.5,88.5,17.2,7.1
9.8,90.2,23.1,4.7
20.9,79.1,17.8,18.75
15.1,84.9,13.7,9.4
13.6,86.4,15.3,7.7
14.5,85.5,19.9,10.75
13.8,86.2,17.1,9.8
15.7,84.3,12.1,13.8
15.5,84.5,12.2,6.15
14.5,85.5,16.1,6.05
10.0,90.0,30.7,5.7
11.8,88.2,21.7,10.35
15.6,84.4,21.1,7.45
7.6,92.4,26.0,6.05
17.2,82.8,12.2,8.05
11.5,88.5,26.1,5.75
10.8,89.2,26.7,5.3
10.3,89.7,13.7,5.3
15.3,84.7,12.2,10.4
7.2,92.8,38.0,6.2
12.5,87.5,21.2,6.35
11.4,88.6,14.9,9.1
18.0,82.0,14.1,8.15
14.6,85.4,17.8,8.5
12.1,87.9,13.8,7.6
18.6,81.4,13.1,7.1
17.7,82.3,11.5,14.4
25.5,74.5,12.2,9.4
11.5,88.5,16.9,6.0
15.4,84.6,14.8,7.75
11.8,88.2,15.7,6.85
15.5,84.5,22.4,6.5
15.4,84.6,20.2,11.4
20.0,80.0,18.1,8.7
23.1,76.9,8.8,10.25
12.7,87.3,22.1,8.2
16.8,83.2,10.8,9.9
14.6,85.4,16.5,11.35
14.3,85.7,14.0,6.8
11.4,88.6,14.3,8.95
16.7,83.3,15.4,9.25
16.8,83.2,11.1,8.7
3.9,96.1,53.8,3.4
9.3,90.7,24.2,5.15
11.6,88.4,14.4,5.75
6.6,93.4,31.2,5.3
16.5,83.5,13.8,9.0
13.7,86.3,19.7,4.95
12.2,87.8,14.8,8.4
15.8,84.2,13.8,6.3
12.4,87.6,14.2,5.6
15.7,84.3,10.7,8.45
16.2,83.8,18.2,10.6
18.7,81.3,7.5,5.65
9.7,90.3,26.2,4.8
14.7,85.3,14.9,11.7
15.3,84.7,20.2,5.6
40.3,59.7,10.4,16.05
13.9,86.1,18.9,8.7
14.6,85.4,16.7,7.15
19.0,81.0,12.5,10.7
13.6,86.4,16.6,7.6
16.0,84.0,27.3,9.1
16.7,83.3,17.1,11.3
18.8,81.2,8.5,8.55
18.1,81.9,10.2,10.0
8.9,91.1,42.7,7.55
13.2,86.8,17.5,5.65
15.0,85.0,13.9,6.65
14.2,85.8,9.5,5.2
18.8,81.2,13.0,6.4
18.8,81.2,12.1,7.9
21.3,78.7,12.5,15.45
18.1,81.9,8.3,8.2
19.1,80.9,12.7,11.85
17.5,82.5,8.3,8.55
16.1,83.9,8.3,10.7
8.7,91.3,25.2,5.05
11.0,89.0,18.5,9.0
14.1,85.9,13.6,9.0
14.9,85.1,17.6,7.75
15.3,84.7,10.4,9.0
15.2,84.8,14.8,8.95
15.2,84.8,13.2,9.8
13.6,86.4,25.6,7.85
25.7,74.3,9.9,16.5
14.1,85.9,15.2,9.55
14.3,85.7,15.9,13.85
20.9,79.1,11.2,7.4
10.6,89.4,18.9,7.45
13.9,86.1,14.1,12.55
21.9,78.1,11.4,8.05
9.5,90.5,35.7,5.1
12.5,87.5,13.5,5.85
15.2,84.8,15.2,9.25
12.9,87.1,21.8,7.9
14.6,85.4,12.3,13.2
15.2,84.8,21.3,10.05
14.6,85.4,16.3,8.65
16.8,83.2,13.1,7.9
8.7,91.3,25.6,6.75
20.4,79.6,10.5,15.15
17.4,82.6,15.8,8.95
10.6,89.4,14.0,5.1
13.2,86.8,14.5,5.3
9.8,90.2,16.6,7.85
8.6,91.4,13.6,12.2
11.0,89.0,15.6,16.6
13.1,86.9,13.5,10.1
12.9,87.1,16.6,12.15
13.4,86.6,15.0,9.85
7.4,92.6,17.8,5.35
11.2,88.8,24.6,7.15
7.9,92.1,19.6,7.85
6.4,93.6,26.5,7.2
9.5,90.5,18.5,9.2
20.5,79.5,22.6,8.95
12.0,88.0,14.9,11.15
9.3,90.7,18.0,10.25
10.4,89.6,20.0,11.7
8.9,91.1,14.5,8.0
8.0,92.0,18.6,7.5
8.1,91.9,21.2,6.85
7.4,92.6,19.2,4.95
11.8,88.2,13.5,11.5
15.2,84.8,12.9,11.0
8.7,91.3,18.5,6.7
9.8,90.2,14.9,10.0
10.7,89.3,17.0,7.95
21.0,79.0,15.0,7.15
7.3,92.7,40.2,6.2
18.2,81.8,17.0,13.9
17.0,83.0,17.8,17.05
8.7,91.3,14.6,10.85
10.3,89.7,17.6,6.3
6.7,93.3,27.2,5.35
10.6,89.4,25.3,7.85
13.1,86.9,18.1,5.5
11.8,88.2,16.5,9.7
8.4,91.6,14.9,8.15
15.7,84.3,14.4,9.25
8.9,91.1,17.4,10.25
11.6,88.4,17.5,8.35
8.8,91.2,21.6,6.7
8.8,91.2,18.9,7.55
9.7,90.3,16.4,7.9
10.5,89.5,15.4,8.6
9.5,90.5,20.2,8.35
9.6,90.4,15.5,12.5
10.8,89.2,19.9,9.45
13.2,86.8,11.5,18.35
11.2,88.8,15.9,6.25
9.9,90.1,18.3,8.1
8.1,91.9,19.2,8.25
12.6,87.4,15.0,11.3
10.0,90.0,16.6,6.3
8.5,91.5,30.1,12.9
5.0,95.0,50.8,5.1
10.6,89.4,15.9,7.8
10.3,89.7,13.8,11.35
10.0,90.0,16.7,5.35
13.7,86.3,14.8,8.3
6.8,93.2,29.6,7.5
18.5,81.5,13.1,5.65
12.6,87.4,10.5,12.65
14.1,85.9,15.9,9.05
7.0,93.0,18.2,7.95
12.0,88.0,17.9,9.7
8.6,91.4,24.0,5.65
14.3,85.7,18.7,6.45
13.3,86.7,22.6,12.6
10.4,89.6,16.6,8.35
12.4,87.6,14.7,7.1
11.7,88.3,15.1,10.55
12.3,87.7,17.6,6.65
15.7,84.3,19.8,6.85
11.2,88.8,19.3,8.95
13.5,86.5,16.3,9.45
12.5,87.5,16.7,8.4
12.8,87.2,16.1,11.55
8.8,91.2,19.8,6.3
8.3,91.7,16.4,8.0
9.1,90.9,32.8,5.9
11.5,88.5,17.3,7.9
7.9,92.1,21.7,8.05
9.7,90.3,20.8,12.5
10.7,89.3,18.2,6.4
9.5,90.5,29.7,5.75
9.4,90.6,16.1,9.85
13.5,86.5,22.4,7.2
4.7,95.3,47.2,6.15
11.9,88.1,16.5,7.85
12.7,87.3,12.3,11.9
10.6,89.4,15.6,11.25
13.9,86.1,13.5,15.75
16.3,83.7,14.9,10.65
5.4,94.6,26.7,4.8
10.9,89.1,19.4,9.75
15.6,84.4,10.8,11.95
11.7,88.3,18.0,8.0
10.1,89.9,19.3,10.3
8.8,91.2,26.3,9.35
14.6,85.4,20.8,8.15
10.2,89.8,16.0,5.35
11.3,88.7,15.7,9.3
10.7,89.3,17.7,9.9
12.7,87.3,15.9,4.6
12.2,87.8,22.3,8.6
8.2,91.8,18.7,5.0
14.4,85.6,20.5,9.9
13.5,86.5,20.4,12.55
11.7,88.3,16.3,11.05
8.1,91.9,24.8,5.85
9.6,90.4,18.8,10.5
13.0,87.0,17.0,6.7
13.4,86.6,14.5,11.6
13.5,86.5,16.4,12.2
8.3,91.7,19.7,8.85
8.8,91.2,18.9,6.45
10.9,89.1,15.2,12.4
8.5,91.5,20.0,10.35
7.3,92.7,16.4,12.65
13.5,86.5,19.5,8.15
11.8,88.2,26.3,10.35
8.9,91.1,17.6,5.35
9.8,90.2,19.9,11.2
13.1,86.9,16.3,7.9
4.9,95.1,48.3,6.4
17.1,82.9,21.1,9.55
12.2,87.8,17.1,8.9
8.3,91.7,33.6,9.0
9.4,90.6,19.8,14.6
30.2,69.8,17.3,7.6
30.5,69.5,17.2,7.8
9.9,90.1,18.5,7.75
8.9,91.1,19.4,9.0
9.0,91.0,16.9,8.45
8.4,91.6,24.2,7.5
22.4,77.6,15.9,5.65
25.3,74.7,19.8,4.25
10.0,90.0,20.7,12.0
9.5,90.5,14.6,10.25
19.1,80.9,14.9,2.4
14.0,86.0,16.3,8.85
9.6,90.4,25.5,5.35
22.8,77.2,14.8,5.85
8.9,91.1,22.9,3.65
7.8,92.2,17.7,12.05
8.2,91.8,22.2,4.45
9.3,90.7,18.9,12.35
4.4,95.6,51.1,4.75
24.1,75.9,12.3,2.1
11.3,88.7,20.2,6.8
10.3,89.7,20.9,4.25
13.8,86.2,17.8,12.3
12.2,87.8,22.2,14.45
8.6,91.4,28.8,8.9
11.5,88.5,17.1,7.95
13.2,86.8,13.5,11.05
8.6,91.4,18.0,11.3
16.4,83.6,23.5,10.85
11.9,88.1,25.1,5.35
10.2,89.8,19.5,6.95
11.3,88.7,12.7,10.4
14.1,85.9,20.9,9.45
7.6,92.4,23.0,7.95
8.1,91.9,20.8,9.85
13.6,86.4,18.6,7.7
9.9,90.1,16.6,13.35
11.0,89.0,19.1,4.9
11.0,89.0,17.1,12.25
12.9,87.1,16.2,13.75
9.2,90.8,18.9,6.85
10.4,89.6,17.3,7.1
8.9,91.1,19.4,8.05
12.7,87.3,18.0,13.75
9.3,90.7,19.6,6.0
12.0,88.0,16.9,7.7
10.3,89.7,17.1,7.9
7.3,92.7,28.4,8.9
10.5,89.5,22.7,8.2
8.3,91.7,19.8,9.15
12.3,87.7,18.8,7.15
5.0,95.0,18.6,6.05
12.0,88.0,20.9,6.8
5.8,94.2,42.3,6.15
9.6,90.4,20.4,11.5
12.7,87.3,16.2,13.05
9.9,90.1,20.4,9.45
11.7,88.3,23.6,6.25
10.6,89.4,20.3,8.6
12.3,87.7,27.5,8.7
32.4,67.6,13.5,8.75
10.0,90.0,28.9,7.35
7.4,92.6,21.8,6.35
9.9,90.1,19.1,10.8
12.0,88.0,14.9,11.8
12.3,87.7,20.7,11.05
29.5,70.5,14.2,10.75
21.0,79.0,13.9,11.35
9.3,90.7,18.7,8.15
13.2,86.8,23.4,10.05
11.3,88.7,22.2,11.15
5.8,94.2,21.8,11.35
13.0,87.0,23.4,7.25
13.0,87.0,18.2,13.0
19.3,80.7,15.9,3.0
17.7,82.3,10.7,12.1
9.7,90.3,12.8,9.8
21.4,78.6,15.2,12.4
31.3,68.7,14.4,29.2
26.4,73.6,10.6,11.7
12.8,87.2,17.3,6.55
18.8,81.2,10.7,15.25
23.0,77.0,15.0,21.0
27.8,72.2,13.2,26.7
34.0,66.0,11.3,20.55
9.5,90.5,28.2,7.6
18.1,81.9,17.4,10.35
16.1,83.9,15.8,9.35
17.4,82.6,23.3,10.4
26.0,74.0,11.6,13.95
37.4,62.6,10.4,24.6
23.9,76.1,7.8,14.95
16.8,83.2,11.1,8.6
27.4,72.6,7.8,20.4
17.6,82.4,14.0,18.95
14.6,85.4,28.2,8.5
13.1,86.9,26.3,8.3
21.1,78.9,10.6,16.0
25.0,75.0,9.3,21.0
27.5,72.5,10.2,17.7
33.6,66.4,9.5,23.85
16.0,84.0,13.7,9.75
18.6,81.4,17.7,13.55
41.1,58.9,7.5,29.45
42.5,57.5,3.7,28.05
24.7,75.3,9.3,17.8
29.5,70.5,7.9,23.9
13.3,86.7,18.2,9.75
23.7,76.3,7.2,19.55
30.4,69.6,7.1,27.1
33.0,67.0,6.6,20.1
11.7,88.3,39.1,8.9
25.3,74.7,12.7,19.7
31.1,68.9,11.7,13.05
14.5,85.5,27.2,8.2
22.4,77.6,10.9,16.35
28.7,71.3,9.0,14.95
21.2,78.8,13.8,17.05
20.6,79.4,10.8,8.1
20.7,79.3,14.4,13.95
27.8,72.2,7.5,18.45
26.6,73.4,11.4,19.65
19.9,80.1,14.9,9.8
15.9,84.1,10.8,17.7
12.6,87.4,18.5,8.05
31.6,68.4,11.1,18.05
20.8,79.2,13.8,17.15
32.3,67.7,9.2,25.85
16.5,83.5,16.1,9.1
20.0,80.0,14.1,11.85
24.2,75.8,16.5,15.1
22.2,77.8,13.2,10.5
38.2,61.8,6.2,28.75
13.1,86.9,28.5,9.0
14.8,85.2,27.4,6.75
32.2,67.8,10.5,18.85
13.0,87.0,27.5,7.55
32.9,67.1,12.4,16.5
37.2,62.8,8.5,26.3
23.2,76.8,12.1,12.6
25.8,74.2,13.6,16.0
30.0,70.0,8.2,17.6
34.7,65.3,7.8,21.15
43.2,56.8,8.1,20.9
29.0,71.0,11.7,22.55
33.8,66.2,11.6,25.9
27.5,72.5,10.4,25.6
20.9,79.1,10.7,15.2
25.8,74.2,10.3,14.7
18.8,81.2,10.8,9.75
14.8,85.2,21.0,9.7
35.3,64.7,8.0,21.95
22.7,77.3,9.7,11.9
16.2,83.8,27.4,7.85
34.5,65.5,10.5,24.75
21.6,78.4,11.4,22.85
16.8,83.2,14.8,7.75
35.4,64.6,8.9,19.15
22.1,77.9,14.3,13.85
15.0,85.0,11.5,10.85
31.2,68.8,10.3,20.95
17.7,82.3,17.0,10.25
32.4,67.6,7.2,19.8
25.4,74.6,11.6,29.45
24.3,75.7,15.1,18.95
31.2,68.8,11.8,14.3
23.5,76.5,10.2,11.05
16.2,83.8,15.4,14.25
24.3,75.7,9.4,20.5
26.2,73.8,9.4,15.3
10.4,89.6,37.0,9.3
18.7,81.3,18.6,14.85
42.3,57.7,5.9,42.7
22.1,77.9,10.5,11.3
31.3,68.7,11.9,20.25
28.8,71.2,12.0,13.75
29.2,70.8,10.4,29.65
23.9,76.1,14.5,17.0
30.4,69.6,7.4,26.85
31.5,68.5,11.6,29.9
23.5,76.5,24.7,21.65
27.7,72.3,12.7,23.2
13.5,86.5,26.3,9.25
16.9,83.1,23.2,7.65
18.9,81.1,15.6,14.15
16.3,83.7,16.6,9.25
26.3,73.7,14.9,14.55
27.2,72.8,10.0,20.6
17.4,82.6,15.8,6.3
21.0,79.0,13.1,11.25
17.5,82.5,12.4,16.95
15.3,84.7,27.5,8.2
19.4,80.6,12.8,17.15
32.8,67.2,9.0,27.35
25.6,74.4,8.5,13.05
29.8,70.2,11.9,20.45
42.8,57.2,7.6,21.55
11.6,88.4,33.1,4.4
30.5,69.5,10.9,19.6
28.2,71.8,9.1,16.4
13.4,86.6,21.9,10.0
30.8,69.2,8.5,15.95
31.9,68.1,10.2,20.9
16.5,83.5,14.8,11.85
20.8,79.2,12.8,16.0
13.3,86.7,21.6,7.0
15.7,84.3,22.0,13.5
18.4,81.6,19.2,11.35
23.8,76.2,11.7,21.8
18.4,81.6,11.7,10.8
32.1,67.9,10.5,24.5
25.3,74.7,11.3,15.75
30.1,69.9,11.0,26.15
20.8,79.2,13.6,16.4
12.7,87.3,32.9,9.8
37.8,62.2,8.3,31.35
21.7,78.3,12.4,20.65
33.8,66.2,10.7,20.8
30.5,69.5,11.3,18.5
20.2,79.8,11.8,12.85
25.2,74.8,13.4,11.95
27.3,72.7,11.0,20.0
17.7,82.3,13.5,12.15
17.6,82.4,23.2,9.2
24.5,75.5,11.6,15.1
15.8,84.2,27.6,12.75
27.9,72.1,14.3,10.5
23.0,77.0,13.1,14.5
15.5,84.5,31.8,9.8
16.5,83.5,16.4,9.3
27.2,72.8,10.9,31.3
26.8,73.2,11.1,21.9
21.3,78.7,21.2,18.9
16.6,83.4,31.6,15.05
15.9,84.1,23.5,12.9
19.7,80.3,17.4,11.0
24.4,75.6,15.3,18.8
17.9,82.1,19.4,12.75
25.5,74.5,12.5,15.95
26.2,73.8,12.2,19.25
20.4,79.6,11.6,14.5
20.7,79.3,9.9,7.35
15.5,84.5,19.7,14.15
23.4,76.6,11.1,24.05
17.8,82.2,12.4,13.7
18.5,81.5,15.8,13.15
27.0,73.0,12.5,25.75
25.9,74.1,11.6,16.7
30.1,69.9,10.4,15.5
12.0,88.0,30.1,9.15
20.9,79.1,19.7,13.65
28.6,71.4,12.9,23.7
27.0,73.0,13.8,11.55
19.7,80.3,13.8,19.4
24.0,76.0,11.7,16.95
15.5,84.5,15.6,11.9
22.5,77.5,11.8,20.7
24.5,75.5,13.5,14.15
19.1,80.9,16.5,14.1
29.3,70.7,9.8,18.0
34.9,65.1,12.8,10.9
27.4,72.6,11.2,13.4
13.6,86.4,18.4,12.15
16.1,83.9,16.2,12.5
6.7,93.3,39.5,7.6
12.3,87.7,24.5,10.1
9.0,91.0,30.1,7.1
9.7,90.3,24.1,9.6
10.3,89.7,26.9,10.05
7.6,92.4,31.6,10.4
12.5,87.5,18.5,12.15
10.5,89.5,23.3,9.7
11.7,88.3,15.0,12.9
8.2,91.8,29.6,6.9
13.4,86.6,15.3,12.05
10.0,90.0,23.1,12.4
14.8,85.2,19.0,12.65
9.9,90.1,26.7,8.0
14.9,85.1,15.9,8.75
10.0,90.0,35.7,5.35
11.2,88.8,35.2,7.5
8.1,91.9,29.0,5.35
18.4,81.6,15.2,11.65
10.5,89.5,31.1,6.15
13.3,86.7,20.9,7.6
9.6,90.4,26.1,4.95
19.0,81.0,16.5,9.65
8.6,91.4,35.8,5.55
15.7,84.3,17.5,13.15
9.0,91.0,30.5,5.75
5.4,94.6,58.3,5.5
14.0,86.0,30.2,8.1
9.0,91.0,56.7,6.25
14.2,85.8,29.6,6.85
10.3,89.7,29.6,6.55
11.0,89.0,27.4,8.1
19.1,80.9,14.3,13.85
12.0,88.0,32.7,5.05
16.6,83.4,18.7,9.15
15.7,84.3,24.7,8.6
11.6,88.4,26.1,6.9
22.6,77.4,25.2,17.8
5.3,94.7,40.5,5.35
9.8,90.2,29.6,7.85
19.9,80.1,24.7,10.15
6.5,93.5,40.0,8.4
11.8,88.2,36.1,9.5
8.9,91.1,32.5,7.95
16.8,83.2,23.8,11.15
7.6,92.4,41.3,8.1
8.4,91.6,49.3,8.0
6.6,93.4,40.2,8.3
6.9,93.1,47.4,6.9
8.2,91.8,32.5,7.2
16.9,83.1,38.9,18.85
11.4,88.6,32.9,9.25
15.7,84.3,12.4,8.15
13.8,86.2,16.9,9.0
11.1,88.9,19.4,7.45
12.4,87.6,15.5,9.9
10.5,89.5,23.3,5.0
18.6,81.4,10.6,10.35
17.8,82.2,11.4,9.4
9.5,90.5,16.6,4.95
12.6,87.4,18.0,8.35
10.1,89.9,25.2,5.45
13.4,86.6,23.3,9.2
13.4,86.6,14.1,10.3
12.9,87.1,18.8,8.35
14.8,85.2,15.8,7.25
8.9,91.1,24.5,6.0
11.8,88.2,17.8,6.7
12.0,88.0,18.0,9.3
17.4,82.6,10.3,8.55
7.0,93.0,27.2,5.7
15.7,84.3,14.1,8.2
9.4,90.6,18.7,7.6
7.8,92.2,17.9,8.35
7.6,92.4,24.3,6.45
7.2,92.8,29.5,8.1
11.9,88.1,19.0,6.8
15.8,84.2,11.1,8.2
9.8,90.2,18.6,10.65
7.2,92.8,28.9,6.1
13.0,87.0,13.5,10.5
13.4,86.6,14.2,7.2
10.1,89.9,26.9,11.2
15.4,84.6,13.8,9.5
9.3,90.7,35.5,9.65
13.3,86.7,13.1,9.3
15.6,84.4,13.6,7.5
11.7,88.3,15.1,8.85
10.8,89.2,25.8,6.0
12.0,88.0,17.5,7.6
8.3,91.7,33.4,7.85
15.2,84.8,11.6,7.3
11.7,88.3,29.9,6.95
9.2,90.8,22.0,6.75
20.3,79.7,8.5,10.55
10.9,89.1,17.0,8.6
7.3,92.7,39.4,5.05
12.1,87.9,19.2,7.75
6.4,93.6,31.2,7.25
17.4,82.6,13.5,11.6
10.9,89.1,20.1,6.65
12.4,87.6,21.8,7.2
13.1,86.9,16.8,8.7
8.3,91.7,29.7,9.95
11.9,88.1,19.4,8.2
12.3,87.7,20.1,6.8
10.7,89.3,13.4,10.9
8.6,91.4,32.2,7.1
14.4,85.6,12.9,7.55
12.3,87.7,17.0,6.15
15.0,85.0,12.7,10.95
16.1,83.9,10.6,8.0
12.3,87.7,16.5,8.4
14.8,85.2,13.2,8.3
7.8,92.2,42.2,7.35
17.3,82.7,14.3,9.5
18.7,81.3,10.7,9.8
9.7,90.3,16.5,9.85
14.8,85.2,11.9,11.0
19.4,80.6,8.9,10.95
10.8,89.2,19.4,7.35
9.5,90.5,28.8,5.2
14.7,85.3,14.3,7.15
16.3,83.7,13.6,7.55
13.4,86.6,18.0,8.35
12.2,87.8,15.0,6.65
15.8,84.2,14.0,11.25
14.8,85.2,11.0,10.2
13.5,86.5,13.2,9.75
10.7,89.3,14.9,6.7
15.2,84.8,12.4,8.9
15.2,84.8,18.3,11.9
6.4,93.6,50.8,5.95
16.8,83.2,20.2,11.65
12.6,87.4,16.4,9.25
11.9,88.1,14.4,9.05
7.2,92.8,25.7,5.8
10.0,90.0,21.3,8.7
11.0,89.0,29.1,10.5
9.8,90.2,19.6,11.15
11.8,88.2,16.0,7.55
7.0,93.0,30.1,9.65
11.6,88.4,18.5,9.4
9.7,90.3,21.4,7.5
5.2,94.8,42.7,8.4
10.4,89.6,20.2,7.95
12.9,87.1,15.8,12.3
9.0,91.0,17.0,7.9
7.6,92.4,31.5,7.05
15.6,84.4,14.5,16.1
7.0,93.0,32.9,4.25
15.1,84.9,15.7,7.6
8.7,91.3,22.0,9.0
5.6,94.4,38.1,5.15
10.0,90.0,21.9,13.1
8.8,91.2,21.4,8.75
11.0,89.0,15.3,11.9
13.3,86.7,19.3,12.85
14.2,85.8,13.8,8.9
9.8,90.2,22.7,7.7
14.2,85.8,18.1,15.05
7.9,92.1,44.0,7.25
8.9,91.1,22.0,11.15
8.9,91.1,23.3,7.0
9.2,90.8,16.0,6.3
7.7,92.3,20.8,6.7
9.5,90.5,16.2,10.05
12.9,87.1,13.9,11.95
11.9,88.1,21.0,7.55
11.4,88.6,19.1,10.85
11.0,89.0,16.3,10.25
11.6,88.4,16.2,9.35
6.5,93.5,20.1,8.4
10.4,89.6,18.6,5.6
11.0,89.0,21.2,9.1
10.2,89.8,17.8,12.95
11.8,88.2,25.7,10.05
10.6,89.4,18.3,8.0
16.4,83.6,13.5,11.05
14.6,85.4,16.0,13.7
13.1,86.9,17.5,8.55
11.3,88.7,15.7,8.1
12.3,87.7,14.8,12.2
13.4,86.6,14.5,17.55
15.2,84.8,15.9,10.5
12.2,87.8,15.0,9.4
7.9,92.1,33.6,8.5
21.5,78.5,16.0,12.15
12.4,87.6,14.9,12.55
5.7,94.3,39.1,6.6
11.8,88.2,19.7,11.2
12.5,87.5,15.4,16.65
14.1,85.9,12.9,10.1
14.3,85.7,15.4,13.4
13.2,86.8,20.6,8.85
10.2,89.8,18.4,10.55
10.1,89.9,38.9,8.85
13.3,86.7,13.0,11.65
13.4,86.6,16.4,11.6
14.1,85.9,16.0,11.25
9.8,90.2,27.1,7.5
11.0,89.0,16.8,10.6
12.5,87.5,16.4,11.35
7.9,92.1,25.6,7.25
6.1,93.9,36.0,5.8
7.0,93.0,24.2,9.15
13.5,86.5,13.4,10.1
10.1,89.9,23.6,11.1
10.6,89.4,22.0,8.4
10.3,89.7,23.5,5.45
13.0,87.0,15.2,11.7
14.2,85.8,12.2,12.4
11.9,88.1,14.7,9.35
9.8,90.2,17.9,10.25
12.3,87.7,14.8,20.85
9.5,90.5,18.3,7.95
4.3,95.7,40.0,5.3
20.4,79.6,15.0,9.45
12.0,88.0,18.4,8.35
11.2,88.8,25.1,9.8
7.0,93.0,23.8,7.15
9.9,90.1,18.4,5.95
20.4,79.6,19.3,20.05
22.9,77.1,16.0,13.75
26.0,74.0,9.2,20.85
28.1,71.9,17.1,21.1
30.9,69.1,9.6,27.05
28.5,71.5,20.4,20.95
32.6,67.4,10.1,24.2
23.7,76.3,16.4,14.05
28.2,71.8,11.2,17.95
19.3,80.7,10.9,22.8
16.4,83.6,17.5,25.95
24.9,75.1,8.3,21.7
21.6,78.4,18.1,18.45
25.8,74.2,14.3,22.85
23.5,76.5,14.1,15.05
21.2,78.8,15.8,24.3
12.6,87.4,21.1,7.1
15.8,84.2,25.9,11.1
21.6,78.4,13.2,9.25
16.4,83.6,11.0,11.75
26.7,73.3,8.3,14.0
26.1,73.9,18.6,23.45
16.8,83.2,21.7,9.35
16.5,83.5,20.0,9.6
16.4,83.6,27.2,14.2
32.7,67.3,11.2,39.05
37.1,62.9,11.5,28.6
40.3,59.7,4.3,21.7
28.6,71.4,12.4,18.0
15.4,84.6,18.4,9.45
23.1,76.9,11.6,26.3
23.4,76.6,20.5,31.05
26.7,73.3,11.9,13.3
22.9,77.1,15.8,15.6
32.5,67.5,8.9,24.5
14.6,85.4,39.3,12.05
13.1,86.9,31.8,12.7
18.4,81.6,18.8,13.4
20.5,79.5,11.8,16.05
26.1,73.9,9.6,21.9
19.0,81.0,20.9,12.1
31.2,68.8,16.6,26.0
18.5,81.5,17.2,14.05
19.5,80.5,20.1,14.25
12.1,87.9,42.6,11.1
25.7,74.3,12.5,21.9
30.7,69.3,10.2,16.9
24.8,75.2,13.2,17.65
25.4,74.6,16.3,18.85
26.2,73.8,12.4,16.85
18.7,81.3,12.7,9.5
34.0,66.0,13.1,23.9
15.5,84.5,39.9,10.6
27.6,72.4,12.5,23.4
19.6,80.4,14.6,11.5
20.8,79.2,10.0,19.6
22.5,77.5,15.7,18.7
24.0,76.0,11.4,20.55
26.8,73.2,11.8,22.75
36.4,63.6,11.0,23.4
12.6,87.4,28.0,6.9
29.2,70.8,10.3,16.3
29.4,70.6,17.8,21.3
24.0,76.0,14.3,18.75
22.7,77.3,14.8,13.35
21.0,79.0,13.5,16.1
30.2,69.8,13.0,32.85
34.5,65.5,9.0,31.3
20.3,79.7,14.1,12.05
27.4,72.6,10.4,14.65
24.3,75.7,10.7,16.95
27.6,72.4,14.6,19.9
25.3,74.7,14.5,15.65
26.7,73.3,14.0,25.3
17.1,82.9,24.4,17.45
27.5,72.5,17.6,20.45
27.2,72.8,11.3,20.5
23.6,76.4,17.2,19.0
31.1,68.9,9.0,14.2
21.7,78.3,14.7,14.85
24.6,75.4,12.3,15.0
26.4,73.6,11.9,25.4
11.9,88.1,25.5,13.4
10.4,89.6,20.5,11.85
14.1,85.9,21.0,16.85
18.8,81.2,14.0,11.55
20.3,79.7,12.4,10.9
15.2,84.8,13.2,14.7
16.9,83.1,11.7,9.7
19.5,80.5,12.5,9.75
24.9,75.1,10.1,19.75
8.1,91.9,45.2,4.7
13.8,86.2,19.4,8.8
23.8,76.2,14.1,15.2
14.2,85.8,11.8,7.9
14.9,85.1,20.4,6.85
9.8,90.2,21.0,4.55
14.2,85.8,26.9,7.6
15.9,84.1,17.9,11.85
24.3,75.7,11.1,22.25
8.4,91.6,21.4,4.45
16.9,83.1,11.9,10.45
15.3,84.7,14.2,22.6
8.3,91.7,26.9,7.25
15.7,84.3,12.9,9.35
8.6,91.4,30.2,5.75
9.8,90.2,17.6,9.95
11.1,88.9,30.5,8.3
17.3,82.7,15.7,10.4
22.3,77.7,10.8,11.4
18.0,82.0,9.1,12.9
20.5,79.5,10.7,10.85
16.0,84.0,14.4,12.1
17.4,82.6,12.0,12.15
24.0,76.0,11.2,13.35
20.7,79.3,10.2,18.15
32.5,67.5,10.1,16.95
15.0,85.0,16.5,7.1
18.1,81.9,14.1,10.45
17.5,82.5,12.0,16.55
11.4,88.6,27.5,8.1
16.3,83.7,12.8,18.5
15.4,84.6,7.6,14.15
16.3,83.7,15.1,12.75
21.1,78.9,8.1,9.1
11.3,88.7,16.3,11.85
14.4,85.6,21.6,12.35
17.6,82.4,14.1,15.65
24.8,75.2,9.1,14.4
12.7,87.3,26.9,9.15
18.7,81.3,18.6,10.1
14.5,85.5,16.1,7.3
9.3,90.7,24.1,6.7
13.7,86.3,13.9,7.5
18.9,81.1,13.0,11.0
15.0,85.0,15.9,9.2
19.5,80.5,13.3,12.5
15.6,84.4,13.0,10.7
16.9,83.1,11.9,4.2
12.1,87.9,14.3,17.7
14.9,85.1,19.0,20.85
23.4,76.6,8.9,13.1
17.9,82.1,15.0,14.05
24.4,75.6,10.7,14.2
20.4,79.6,14.2,10.8
16.1,83.9,16.9,11.5
12.7,87.3,14.2,15.9
17.4,82.6,11.9,16.1
33.8,66.2,10.5,19.7
19.6,80.4,17.1,9.25
15.4,84.6,11.9,11.3
21.7,78.3,12.2,7.35
21.3,78.7,11.8,9.35
26.8,73.2,12.2,17.45
15.1,84.9,18.3,7.5
11.6,88.4,23.7,11.7
23.2,76.8,10.2,22.5
14.0,86.0,13.2,12.6
21.3,78.7,11.1,12.3
29.9,70.1,9.8,22.8
19.5,80.5,12.2,8.2
18.7,81.3,15.8,11.25
14.1,85.9,25.3,9.1
20.5,79.5,12.6,8.9
5.9,94.1,36.9,5.75
20.5,79.5,16.6,15.0
11.9,88.1,18.4,13.9
14.2,85.8,15.6,14.35
15.5,84.5,16.1,8.2
17.8,82.2,11.7,11.55
13.9,86.1,13.5,8.2
27.2,72.8,6.7,5.6
29.4,70.6,12.2,12.45
7.8,92.2,33.4,3.85
17.1,82.9,14.1,17.8
18.9,81.1,11.6,9.3
20.8,79.2,14.8,9.5
9.3,90.7,39.1,6.15
20.2,79.8,17.7,12.45
13.0,87.0,9.6,18.2
18.5,81.5,17.8,22.3
24.2,75.8,13.7,17.6
23.6,76.4,13.7,13.85
11.4,88.6,13.4,13.5
25.0,75.0,11.7,15.4
16.6,83.4,16.8,6.95
19.1,80.9,9.9,16.0
13.4,86.6,20.0,7.8
20.6,79.4,11.8,16.05
15.9,84.1,14.3,14.85
17.0,83.0,16.9,6.8
29.7,70.3,7.7,16.6
27.1,72.9,8.7,16.3
17.8,82.2,14.7,12.3
14.5,85.5,12.8,15.95
23.7,76.3,11.3,14.3
19.4,80.6,26.9,17.6
8.2,91.8,30.4,8.1
16.4,83.6,12.6,16.95
14.6,85.4,17.2,11.25
10.2,89.8,15.2,6.15
8.7,91.3,28.5,11.15
8.9,91.1,15.2,9.15
9.2,90.8,23.9,8.95
9.8,90.2,22.5,7.7
8.8,91.2,19.2,12.1
5.4,94.6,19.7,7.55
10.4,89.6,18.4,9.2
14.9,85.1,18.8,7.6
11.9,88.1,15.7,3.3
10.9,89.1,23.0,11.5
7.9,92.1,26.7,7.75
4.0,96.0,45.0,7.65
8.9,91.1,14.1,10.45
21.2,78.8,15.6,14.8
13.3,86.7,23.7,6.05
9.2,90.8,23.9,13.15
8.6,91.4,20.4,9.65
7.8,92.2,32.0,7.35
8.7,91.3,28.5,9.4
10.7,89.3,25.2,9.9
5.6,94.4,34.7,5.15
27.0,73.0,17.0,16.1
14.3,85.7,16.4,13.7
9.0,91.0,18.6,11.2
5.4,94.6,33.8,8.65
17.7,82.3,15.8,14.95
17.0,83.0,13.6,4.1
7.4,92.6,38.4,8.6
13.7,86.3,13.4,8.95
10.6,89.4,31.4,10.55
7.8,92.2,13.8,13.75
11.8,88.2,15.8,3.85
13.4,86.6,19.3,10.9
8.1,91.9,16.1,12.2
11.0,89.0,18.7,12.95
14.7,85.3,13.4,15.4
9.3,90.7,25.0,6.6
15.1,84.9,16.6,13.85
10.9,89.1,17.3,11.9
11.5,88.5,17.6,21.65
13.4,86.6,15.6,12.55
14.7,85.3,15.7,12.55
8.8,91.2,22.9,9.55
8.0,92.0,22.3,6.05
7.2,92.8,28.8,8.35
14.4,85.6,22.9,12.25
12.6,87.4,17.4,9.1
12.8,87.2,20.9,5.15
12.7,87.3,16.9,11.45
18.2,81.8,16.4,28.25
24.9,75.1,15.9,15.2
8.6,91.4,29.0,7.55
10.9,89.1,21.5,10.2
10.2,89.8,16.5,8.6
7.0,93.0,17.9,7.5
5.9,94.1,25.1,5.95
4.3,95.7,19.8,2.85
8.2,91.8,15.8,13.65
10.9,89.1,19.5,14.45
10.3,89.7,13.2,10.95
11.7,88.3,16.8,22.5
7.9,92.1,32.0,8.75
9.6,90.4,18.3,10.25
8.8,91.2,15.7,10.35
6.2,93.8,23.5,6.45
10.5,89.5,15.1,14.2
10.8,89.2,14.6,10.5
10.5,89.5,22.6,16.9
6.5,93.5,27.1,9.4
10.3,89.7,16.4,6.4
26.8,73.2,12.7,12.65
13.6,86.4,15.7,7.8
9.3,90.7,18.0,11.55
25.7,74.3,10.8,8.85
8.6,91.4,36.5,9.95
24.5,75.5,14.7,9.2
9.6,90.4,18.2,7.35
14.2,85.8,13.0,10.3
15.2,84.8,17.3,7.9
10.0,90.0,35.8,8.4
8.3,91.7,25.9,9.45
8.2,91.8,17.6,9.6
11.8,88.2,16.3,12.45
6.5,93.5,19.8,4.95
13.5,86.5,16.3,9.25
9.9,90.1,19.1,11.15
11.2,88.8,20.2,7.85
10.7,89.3,13.8,9.2
5.6,94.4,16.4,8.5
4.9,95.1,17.3,4.3
9.7,90.3,12.5,11.85
17.4,82.6,16.3,8.3
5.7,94.3,21.8,8.2
9.4,90.6,16.9,7.95
13.5,86.5,16.6,6.05
12.0,88.0,13.7,7.95
11.8,88.2,16.1,11.35
5.1,94.9,22.1,12.35
9.1,90.9,13.9,10.9
10.3,89.7,14.7,14.05
17.7,82.3,11.8,11.5
7.3,92.7,25.0,6.45
12.0,88.0,19.5,6.55
9.0,91.0,14.0,26.6
12.4,87.6,19.8,8.85
11.8,88.2,17.5,14.35
6.9,93.1,35.3,6.75
8.0,92.0,19.0,7.5
3.0,97.0,18.8,10.0
7.4,92.6,10.0,10.1
13.3,86.7,24.3,5.2
13.9,86.1,20.0,11.0
9.7,90.3,13.5,4.25
13.9,86.1,21.0,10.25
14.8,85.2,11.6,14.2
10.4,89.6,23.0,11.75
9.5,90.5,12.4,5.25
12.2,87.8,21.5,12.75
12.0,88.0,14.8,12.2
8.1,91.9,18.4,7.1
7.7,92.3,22.7,10.55
10.2,89.8,14.3,10.4
10.3,89.7,18.9,9.75
7.1,92.9,16.1,8.15
8.3,91.7,21.6,4.05
13.7,86.3,15.2,11.05
7.9,92.1,23.3,12.2
17.3,82.7,15.3,8.15
5.4,94.6,36.1,4.95
7.2,92.8,23.7,7.25
13.9,86.1,19.5,8.2
6.8,93.2,27.3,6.4
9.7,90.3,22.6,15.2
12.3,87.7,15.7,17.6
5.7,94.3,26.0,9.75
8.4,91.6,12.0,11.7
12.0,88.0,16.1,14.1
6.7,93.3,16.2,27.3
15.4,84.6,13.2,18.05
8.8,91.2,17.1,14.55
6.4,93.6,29.1,5.85
8.4,91.6,28.0,10.4
13.1,86.9,12.7,15.05
2.4,97.6,23.5,3.25
9.4,90.6,21.5,8.05
12.3,87.7,18.2,9.9
16.5,83.5,21.7,7.85
8.8,91.2,25.9,6.65
15.5,84.5,15.8,10.95
15.9,84.1,21.1,8.0
11.8,88.2,17.8,15.95
19.1,80.9,13.4,5.4
25.0,75.0,12.9,10.35
17.0,83.0,15.8,8.6
14.2,85.8,12.7,5.4
13.7,86.3,8.2,15.3
18.3,81.7,10.5,10.15
20.6,79.4,12.4,3.35
8.2,91.8,13.9,2.05
13.6,86.4,26.7,6.4
16.2,83.8,13.4,11.6
12.0,88.0,21.6,4.95
10.5,89.5,26.9,11.25
9.4,90.6,30.3,6.55
10.2,89.8,29.8,7.05
15.2,84.8,16.1,9.7
9.1,90.9,35.3,11.25
9.5,90.5,34.5,6.0
8.7,91.3,32.7,7.2
6.5,93.5,36.6,5.9
10.5,89.5,30.0,8.1
10.1,89.9,25.9,7.95
15.3,84.7,23.6,11.15
9.1,90.9,44.5,7.55
9.1,90.9,33.5,4.5
14.6,85.4,27.9,8.35
11.8,88.2,26.4,6.15
24.2,75.8,13.3,9.45
18.0,82.0,31.6,12.55
10.5,89.5,26.9,8.35
19.7,80.3,34.6,15.95
6.0,94.0,47.5,3.4
13.5,86.5,38.2,6.95
12.0,88.0,38.4,7.05
8.8,91.2,39.2,6.15
6.9,93.1,48.4,4.85
10.9,89.1,24.3,5.8
18.5,81.5,25.2,13.15
14.4,85.6,18.3,7.5
7.3,92.7,49.8,4.8
7.0,93.0,31.4,5.75
15.7,84.3,31.2,8.6
10.7,89.3,28.6,5.7
13.8,86.2,31.5,9.6
14.0,86.0,21.3,11.45
23.7,76.3,15.7,14.8
23.6,76.4,11.5,13.9
14.0,86.0,19.9,15.8
18.5,81.5,18.2,14.0
21.0,79.0,19.7,19.45
24.5,75.5,25.4,14.35
19.8,80.2,15.1,10.95
14.7,85.3,24.1,5.15
20.0,80.0,7.4,29.5
10.2,89.8,18.2,23.7
22.3,77.7,15.6,17.7
27.3,72.7,12.9,10.45
13.5,86.5,23.9,7.7
0.7,99.3,64.0,2.4
30.5,69.5,13.5,21.8
30.4,69.6,10.9,31.9
14.9,85.1,15.4,20.1
15.0,85.0,17.7,13.45
22.7,77.3,14.8,17.2
21.4,78.6,16.1,19.2
22.2,77.8,21.2,14.05
9.7,90.3,28.4,11.1
19.1,80.9,15.0,19.55
18.1,81.9,23.3,23.75
13.7,86.3,40.0,8.25
16.1,83.9,16.8,13.0
20.3,79.7,22.3,19.8
11.7,88.3,30.1,15.1
22.8,77.2,14.0,14.1
15.9,84.1,17.8,11.15
19.9,80.1,16.8,11.9
9.3,90.7,37.6,9.45
11.7,88.3,18.6,9.4
31.2,68.8,17.6,21.9
11.7,88.3,25.1,9.55
12.6,87.4,18.1,9.6
15.2,84.8,18.4,7.05
13.8,86.2,20.3,8.85
12.4,87.6,20.9,7.8
15.0,85.0,17.0,11.6
15.8,84.2,21.7,11.25
13.0,87.0,28.2,6.0
10.9,89.1,24.3,7.0
13.0,87.0,19.1,10.05
10.9,89.1,32.0,6.5
11.6,88.4,29.1,8.25
11.3,88.7,25.5,7.9
16.7,83.3,17.3,11.45
16.8,83.2,14.3,9.25
9.6,90.4,20.2,9.8
14.3,85.7,19.2,8.65
11.4,88.6,25.9,7.25
13.6,86.4,18.2,9.7
12.2,87.8,20.2,10.7
22.2,77.8,28.8,23.4
14.0,86.0,14.4,7.95
11.3,88.7,23.4,6.3
11.5,88.5,23.7,6.9
11.6,88.4,34.8,7.65
17.3,82.7,15.9,10.55
10.3,89.7,40.9,4.8
15.4,84.6,57.0,19.2
11.6,88.4,19.6,7.9
14.0,86.0,21.5,8.15
10.7,89.3,32.0,7.8
8.5,91.5,31.0,6.2
13.3,86.7,27.7,8.0
15.8,84.2,15.1,7.25
13.7,86.3,15.7,8.25
11.7,88.3,25.5,7.85
6.3,93.7,38.0,8.55
20.0,80.0,29.5,12.8
10.8,89.2,26.7,8.85
12.5,87.5,28.5,9.7
12.1,87.9,40.7,9.05
14.2,85.8,18.7,10.9
8.2,91.8,34.6,7.15
10.0,90.0,28.7,7.4
13.5,86.5,21.0,10.3
12.6,87.4,17.4,5.35
16.3,83.7,18.1,11.9
12.5,87.5,19.9,8.05
10.6,89.4,31.9,5.65
16.1,83.9,20.3,7.9
10.9,89.1,22.7,7.55
7.6,92.4,49.7,5.65
12.5,87.5,29.5,6.85
10.4,89.6,27.3,5.25
14.1,85.9,16.8,6.75
13.3,86.7,21.5,7.35
12.6,87.4,44.5,7.25
14.5,85.5,14.8,4.95
16.1,83.9,22.1,7.2
18.6,81.4,21.4,9.3
24.3,75.7,11.8,16.9
28.6,71.4,16.1,13.3
22.4,77.6,8.4,16.5
23.2,76.8,17.2,15.1
18.7,81.3,20.3,10.0
18.5,81.5,19.0,13.05
27.7,72.3,10.1,16.55
26.0,74.0,9.8,22.05
15.3,84.7,23.4,6.4
12.8,87.2,31.2,9.8
25.1,74.9,15.1,12.85
15.0,85.0,23.5,8.75
25.4,74.6,12.3,11.75
11.6,88.4,19.0,7.75
12.4,87.6,23.8,8.0
25.0,75.0,11.1,19.1
18.6,81.4,19.4,9.5
16.2,83.8,35.1,7.75
18.5,81.5,15.9,14.55
22.6,77.4,15.7,15.25
17.0,83.0,18.6,15.0
20.5,79.5,15.7,13.15
22.5,77.5,12.0,15.7
12.5,87.5,21.3,10.05
11.7,88.3,21.8,10.15
15.3,84.7,17.2,7.35
8.2,91.8,32.1,6.3
20.9,79.1,16.3,11.05
15.6,84.4,23.6,5.9
30.3,69.7,10.1,19.4
13.7,86.3,44.1,8.7
23.3,76.7,10.1,15.6
13.1,86.9,31.2,7.15
19.9,80.1,15.2,13.55
21.1,78.9,18.1,11.25
17.4,82.6,10.5,18.4
20.6,79.4,13.0,19.1
20.1,79.9,13.8,10.7
26.2,73.8,9.2,23.85
13.1,86.9,32.4,8.25
26.7,73.3,11.4,21.2
19.0,81.0,16.0,14.8
15.9,84.1,20.6,9.6
12.8,87.2,27.3,7.75
26.5,73.5,15.7,17.55
20.1,79.9,15.1,18.9
23.3,76.7,11.7,31.85
15.5,84.5,21.6,11.1
18.6,81.4,27.0,15.55
18.8,81.2,19.3,12.05
21.8,78.2,10.7,10.7
19.3,80.7,18.0,10.2
23.8,76.2,14.5,18.95
20.5,79.5,17.8,9.85
21.0,79.0,14.0,12.9
17.0,83.0,19.5,10.0
22.7,77.3,19.2,16.5
21.4,78.6,12.2,17.8
11.7,88.3,40.0,7.75
23.5,76.5,14.4,14.5
27.9,72.1,14.8,16.9
11.6,88.4,29.8,7.05
18.2,81.8,19.1,14.15
10.5,89.5,36.1,7.35
30.9,69.1,12.0,16.9
11.9,88.1,17.7,9.95
10.1,89.9,54.4,7.1
17.3,82.7,17.5,11.0
18.1,81.9,18.7,9.2
16.2,83.8,17.8,13.5
14.7,85.3,18.1,11.6
18.1,81.9,13.8,15.35
14.9,85.1,28.2,13.5
13.9,86.1,27.2,7.05
24.4,75.6,13.0,10.8
25.1,74.9,10.0,20.5
31.3,68.7,12.1,22.05
23.4,76.6,12.5,12.3
20.0,80.0,17.0,10.7
20.4,79.6,14.6,13.5
24.8,75.2,12.4,15.9
24.8,75.2,14.0,14.8
19.5,80.5,15.3,11.65
20.8,79.2,10.9,12.05
25.5,74.5,14.9,15.4
20.6,79.4,18.6,16.65
13.9,86.1,27.0,5.9
26.1,73.9,8.4,10.7
13.6,86.4,29.1,9.35
27.4,72.6,10.7,18.75
8.4,91.6,47.4,7.05
26.9,73.1,13.9,16.9
24.0,76.0,11.8,18.1
13.1,86.9,37.1,9.6
18.8,81.2,16.2,13.35
27.4,72.6,12.3,14.9
22.7,77.3,17.5,12.95
23.1,76.9,11.2,15.0
22.1,77.9,15.2,17.35
14.7,85.3,18.4,15.1
11.5,88.5,25.8,12.75
19.8,80.2,9.8,17.7
10.9,89.1,16.8,6.75
14.1,85.9,21.6,11.55
11.6,88.4,19.7,16.8
11.0,89.0,17.6,8.3
8.0,92.0,32.3,10.55
6.0,94.0,36.4,9.65
12.6,87.4,17.8,11.55
13.6,86.4,19.1,18.25
9.1,90.9,19.2,5.75
16.0,84.0,15.1,11.95
17.7,82.3,17.8,19.3
20.9,79.1,13.7,20.5
12.3,87.7,18.2,14.05
8.3,91.7,19.5,11.9
7.6,92.4,33.3,10.45
12.9,87.1,16.4,18.65
14.0,86.0,19.0,15.05
13.7,86.3,19.7,13.95
21.5,78.5,16.0,24.9
13.6,86.4,20.0,16.6
30.3,69.7,12.5,19.75
14.5,85.5,14.3,17.75
28.9,71.1,16.1,18.3
11.6,88.4,21.2,11.35
14.2,85.8,17.4,14.0
15.0,85.0,16.7,11.4
12.2,87.8,22.3,9.5
11.5,88.5,19.9,13.75
11.2,88.8,21.4,12.8
13.7,86.3,19.4,18.65
14.1,85.9,16.7,11.55
18.1,81.9,11.1,18.25
13.6,86.4,20.9,13.45
12.7,87.3,17.7,13.75
11.9,88.1,20.3,9.9
12.9,87.1,22.4,12.1
17.9,82.1,16.5,23.35
11.6,88.4,15.0,9.1
19.9,80.1,14.7,17.75
19.8,80.2,12.3,35.05
8.6,91.4,28.1,15.75
12.7,87.3,23.1,13.5
11.3,88.7,18.4,6.55
14.3,85.7,22.7,14.8
11.4,88.6,20.2,8.9
12.0,88.0,26.3,11.85
18.6,81.4,15.8,13.9
7.7,92.3,25.8,9.95
16.9,83.1,19.6,16.85
12.1,87.9,19.3,10.8
25.3,74.7,10.7,16.3
12.8,87.2,15.8,6.95
14.4,85.6,17.5,7.9
15.8,84.2,12.9,9.8
13.2,86.8,27.3,10.6
9.7,90.3,15.5,5.55
13.2,86.8,14.1,9.75
20.0,80.0,9.8,7.95
13.2,86.8,25.9,6.8
16.7,83.3,12.0,7.25
11.6,88.4,15.3,5.9
15.2,84.8,16.2,7.6
12.8,87.2,24.8,5.6
13.7,86.3,14.7,6.8
14.7,85.3,12.4,6.65
15.0,85.0,11.6,8.05
14.2,85.8,10.5,6.25
13.6,86.4,28.2,11.2
14.4,85.6,11.3,8.3
12.2,87.8,16.3,7.35
4.4,95.6,49.5,5.45
11.1,88.9,20.1,9.05
8.4,91.6,24.4,6.7
17.8,82.2,13.1,10.0
11.1,88.9,35.0,9.6
11.7,88.3,14.9,5.35
19.2,80.8,14.3,15.3
10.2,89.8,34.0,6.8
8.3,91.7,34.5,5.5
15.7,84.3,11.2,10.35
12.3,87.7,32.5,9.2
9.3,90.7,24.4,7.5
13.8,86.2,15.1,7.1
16.4,83.6,9.0,11.5
12.4,87.6,13.1,5.5
20.0,80.0,9.7,12.5
16.0,84.0,10.2,12.05
43.7,56.3,9.4,7.65
13.6,86.4,12.1,7.25
20.6,79.4,12.0,12.6
12.7,87.3,14.1,8.3
12.5,87.5,19.0,9.05
9.3,90.7,24.2,4.4
18.0,82.0,12.9,12.15
11.8,88.2,22.1,6.7
14.1,85.9,14.3,7.5
11.5,88.5,20.6,8.3
12.9,87.1,23.0,8.65
15.6,84.4,15.6,5.95
12.7,87.3,20.4,10.05
17.0,83.0,12.0,9.25
7.5,92.5,29.5,5.6
17.8,82.2,10.3,12.15
11.7,88.3,15.4,7.8
12.5,87.5,20.0,4.7
14.5,85.5,9.2,13.6
12.3,87.7,24.3,8.35
17.0,83.0,8.7,11.2
13.7,86.3,13.6,9.15
13.5,86.5,14.2,9.4
19.7,80.3,9.1,13.05
10.3,89.7,18.9,6.6
13.9,86.1,10.7,8.8
15.8,84.2,8.9,8.45
17.1,82.9,13.5,6.7
22.6,77.4,12.6,15.3
9.6,90.4,24.9,4.4
14.4,85.6,12.0,6.2
9.1,90.9,18.1,6.75
15.7,84.3,14.9,8.05
17.7,82.3,13.1,8.5
12.6,87.4,13.1,6.8
18.8,81.2,12.7,12.75
12.5,87.5,16.1,8.6
14.5,85.5,14.0,7.1
12.2,87.8,20.4,6.6
10.5,89.5,29.2,7.95
13.5,86.5,16.3,7.9
15.5,84.5,14.3,10.05
9.7,90.3,27.3,6.1
10.1,89.9,14.1,6.55
23.7,76.3,9.2,13.3
9.2,90.8,35.9,5.4
12.0,88.0,16.0,9.1
15.3,84.7,19.1,6.35
11.3,88.7,12.9,8.6
7.8,92.2,29.3,6.85
12.4,87.6,13.4,7.85
23.5,76.5,10.6,24.8
18.3,81.7,17.9,13.6
22.7,77.3,14.5,19.15
16.4,83.6,17.9,11.85
19.7,80.3,14.7,13.15
18.9,81.1,15.9,24.85
15.9,84.1,20.3,13.75
19.0,81.0,13.7,16.65
9.2,90.8,25.3,6.75
16.8,83.2,16.4,11.6
16.1,83.9,23.8,14.0
23.5,76.5,11.5,15.9
20.7,79.3,16.9,9.7
9.6,90.4,31.2,5.65
21.5,78.5,9.1,21.5
11.5,88.5,19.8,8.65
17.5,82.5,18.6,17.75
19.5,80.5,13.5,16.4
16.6,83.4,14.9,9.8
15.6,84.4,25.0,11.3
17.9,82.1,14.3,9.6
15.2,84.8,19.2,14.2
12.2,87.8,23.3,10.65
14.4,85.6,21.8,8.85
19.5,80.5,15.4,14.85
14.7,85.3,16.8,12.85
10.0,90.0,20.8,7.45
22.8,77.2,13.0,10.3
28.4,71.6,15.5,15.65
15.9,84.1,17.1,10.3
24.1,75.9,13.4,13.65
24.2,75.8,11.8,15.85
18.0,82.0,21.2,14.25
24.2,75.8,11.2,12.9
18.8,81.2,19.0,12.85
14.4,85.6,19.9,9.4
16.8,83.2,17.1,7.3
15.6,84.4,16.4,14.65
18.7,81.3,13.8,16.15
20.9,79.1,11.4,16.2
14.7,85.3,13.7,11.0
12.8,87.2,23.2,10.95
21.7,78.3,13.9,12.4
12.2,87.8,17.9,9.5
21.1,78.9,12.3,16.1
22.9,77.1,11.1,18.6
14.1,85.9,16.4,15.55
20.4,79.6,15.9,6.55
16.6,83.4,11.9,12.0
20.2,79.8,13.3,10.75
17.1,82.9,17.5,12.85
11.5,88.5,17.5,11.0
16.5,83.5,12.6,13.2
21.2,78.8,10.9,16.55
14.6,85.4,28.2,7.65
17.6,82.4,13.5,10.65
12.7,87.3,17.8,12.15
17.5,82.5,13.1,13.7
13.7,86.3,16.1,12.05
10.8,89.2,34.0,7.45
18.2,81.8,15.1,10.8
15.6,84.4,26.2,13.55
16.6,83.4,16.6,10.3
19.6,80.4,11.6,14.05
11.4,88.6,20.1,15.4
10.9,89.1,21.2,7.95
20.4,79.6,13.3,16.4
20.0,80.0,12.2,12.4
14.9,85.1,16.5,8.75
26.9,73.1,20.3,11.0
25.7,74.3,14.6,12.1
12.0,88.0,28.8,7.9
12.1,87.9,20.8,6.5
11.9,88.1,26.1,5.65
15.8,84.2,16.4,11.9
11.8,88.2,28.5,8.55
16.7,83.3,17.4,10.6
11.3,88.7,20.5,10.95
5.8,94.2,47.9,5.35
8.5,91.5,31.4,6.25
8.9,91.1,21.6,7.15
11.5,88.5,16.8,6.1
14.2,85.8,18.3,8.3
14.3,85.7,15.4,4.75
8.4,91.6,18.5,8.5
7.1,92.9,29.1,7.75
13.6,86.4,15.5,8.2
15.2,84.8,18.8,9.65
9.9,90.1,17.2,11.4
9.8,90.2,16.2,10.3
16.3,83.7,25.9,10.6
11.1,88.9,24.4,7.4
17.4,82.6,15.9,6.6
13.8,86.2,16.5,8.85
13.5,86.5,18.1,9.25
11.8,88.2,16.4,6.75
10.1,89.9,27.7,8.4
10.0,90.0,23.8,9.6
13.1,86.9,16.3,7.85
21.0,79.0,13.8,10.45
17.8,82.2,20.9,8.05
21.5,78.5,11.5,5.55
11.0,89.0,37.5,12.0
11.2,88.8,28.1,6.4
10.0,90.0,15.4,8.35
11.0,89.0,20.0,10.65
18.8,81.2,14.6,10.35
11.5,88.5,20.3,10.5
7.2,92.8,21.1,10.1
15.7,84.3,21.5,8.15
9.6,90.4,38.9,6.65
11.8,88.2,18.2,7.15
13.2,86.8,23.0,8.0
15.3,84.7,18.5,7.05
8.4,91.6,34.1,9.3
12.3,87.7,13.9,8.35
10.4,89.6,19.2,6.9
16.1,83.9,12.5,10.55
16.9,83.1,21.7,7.05
10.3,89.7,17.3,9.45
14.6,85.4,15.7,10.05
8.1,91.9,34.5,5.2
8.1,91.9,28.8,6.3
12.4,87.6,17.5,9.1
14.8,85.2,14.9,7.95
13.3,86.7,14.6,6.65
7.4,92.6,40.0,4.75
7.5,92.5,47.8,5.95
12.8,87.2,17.2,9.0
14.0,86.0,12.3,9.5
14.4,85.6,16.7,7.6
13.3,86.7,18.3,8.25
14.2,85.8,18.3,8.25
9.6,90.4,32.3,5.05
11.5,88.5,27.1,8.1
9.5,90.5,34.7,6.9
10.2,89.8,16.2,7.0
11.0,89.0,23.3,8.75
17.1,82.9,13.9,11.0
19.3,80.7,9.6,6.9
16.2,83.8,18.3,6.3
16.6,83.4,9.9,9.65
16.1,83.9,14.6,12.5
14.5,85.5,13.8,10.1
13.3,86.7,19.2,7.85
13.1,86.9,12.0,10.6
19.9,80.1,10.8,7.65
12.5,87.5,23.7,10.0
17.7,82.3,23.3,6.8
13.5,86.5,18.6,9.4
15.6,84.4,18.3,7.25
14.1,85.9,27.0,7.8
13.0,87.0,20.2,10.25
14.1,85.9,18.8,9.1
11.7,88.3,15.6,8.05
12.9,87.1,19.0,7.1
19.2,80.8,11.1,8.75
11.3,88.7,23.8,6.45
7.4,92.6,44.2,5.8
12.5,87.5,25.0,7.7
13.0,87.0,26.3,6.1
15.8,84.2,13.5,12.4
14.6,85.4,14.0,6.75
20.6,79.4,22.2,18.45
8.5,91.5,23.3,4.35
14.5,85.5,12.4,10.7
16.4,83.6,13.6,10.5
18.4,81.6,15.3,9.85
17.1,82.9,14.3,10.75
13.9,86.1,11.4,12.8
13.2,86.8,15.4,9.9
12.9,87.1,17.7,9.5
16.9,83.1,22.2,8.0
12.7,87.3,14.1,8.35
11.1,88.9,16.9,7.8
11.0,89.0,24.2,8.0
13.3,86.7,17.9,8.15
8.6,91.4,24.0,7.4
10.9,89.1,16.8,8.7
13.2,86.8,21.5,6.3
13.8,86.2,41.1,5.65
10.5,89.5,29.2,8.4
8.9,91.1,43.4,6.85
21.0,79.0,25.6,11.5
8.1,91.9,41.7,4.65
23.2,76.8,15.3,18.5
16.3,83.7,23.5,13.7
26.8,73.2,13.2,26.6
19.4,80.6,18.0,10.45
23.6,76.4,17.4,28.9
21.8,78.2,11.5,12.1
9.4,90.6,37.4,6.1
13.7,86.3,18.3,11.0
18.4,81.6,20.3,16.8
12.6,87.4,37.5,10.95
25.8,74.2,11.7,11.85
25.7,74.3,11.2,18.8
26.6,73.4,11.1,17.75
24.6,75.4,13.2,15.25
24.7,75.3,13.6,18.3
23.1,76.9,15.9,15.2
34.2,65.8,9.2,23.9
11.1,88.9,24.1,9.7
21.7,78.3,16.3,16.85
21.5,78.5,15.9,21.2
19.2,80.8,20.8,14.25
16.6,83.4,21.8,10.85
16.0,84.0,30.0,9.5
20.5,79.5,22.0,9.6
24.1,75.9,11.0,19.15
13.1,86.9,21.8,7.8
25.1,74.9,9.4,14.35
17.4,82.6,18.5,11.8
22.2,77.8,15.4,12.05
25.3,74.7,14.5,15.95
32.3,67.7,8.5,18.95
11.9,88.1,27.6,8.6
21.9,78.1,16.0,7.95
21.3,78.7,12.9,18.4
32.5,67.5,8.6,19.3
24.9,75.1,19.3,11.05
18.8,81.2,21.4,9.5
22.8,77.2,16.7,19.2
18.6,81.4,23.5,8.2
11.6,88.4,36.5,9.95
24.9,75.1,12.6,15.25
20.1,79.9,19.9,11.1
18.3,81.7,17.4,14.95
24.4,75.6,12.9,17.85
21.7,78.3,11.3,26.85
14.1,85.9,26.9,8.55
14.7,85.3,12.2,12.55
17.7,82.3,19.7,12.5
26.9,73.1,15.7,15.45
12.3,87.7,15.4,12.9
8.0,92.0,37.7,7.5
10.2,89.8,24.1,15.15
12.3,87.7,25.2,12.05
23.5,76.5,8.3,38.35
12.5,87.5,19.2,9.8
14.0,86.0,16.9,12.25
19.3,80.7,15.5,15.65
14.8,85.2,12.5,13.1
9.4,90.6,40.4,6.2
11.5,88.5,22.7,17.5
16.4,83.6,14.3,15.15
8.0,92.0,28.6,15.05
12.2,87.8,21.5,10.45
11.4,88.6,17.7,15.15
13.1,86.9,17.8,12.55
20.3,79.7,12.6,16.25
25.9,74.1,16.0,16.3
16.3,83.7,20.5,13.9
13.2,86.8,20.2,20.4
17.9,82.1,15.5,13.05
16.0,84.0,15.5,17.5
14.3,85.7,14.7,18.75
12.0,88.0,20.0,10.2
12.7,87.3,16.7,8.8
11.6,88.4,17.1,15.1
16.0,84.0,18.9,12.5
9.7,90.3,34.3,13.3
6.7,93.3,33.3,5.7
19.5,80.5,21.7,13.8
14.0,86.0,16.8,16.05
11.6,88.4,19.4,8.55
17.4,82.6,11.0,13.15
7.6,92.4,15.6,7.0
12.9,87.1,20.3,11.4
8.7,91.3,22.1,8.45
7.4,92.6,31.8,7.5
4.4,95.6,36.9,8.05
14.5,85.5,19.8,4.7
9.8,90.2,20.4,13.35
32.1,67.9,14.8,27.55
14.7,85.3,16.7,13.05
7.4,92.6,21.0,8.7
14.4,85.6,14.9,6.45
14.4,85.6,17.5,16.2
9.1,90.9,28.9,7.55
9.4,90.6,21.7,12.15
8.6,91.4,27.8,7.75
17.3,82.7,17.8,19.7
13.0,87.0,19.9,12.25
14.0,86.0,15.0,11.8
15.4,84.6,15.3,16.15
18.8,81.2,16.1,42.8
16.5,83.5,15.9,12.2
8.9,91.1,27.7,17.7
8.0,92.0,25.1,7.0
17.0,83.0,18.1,38.55
11.8,88.2,16.0,15.2
9.9,90.1,21.5,9.1
7.7,92.3,29.1,10.55
17.1,82.9,21.3,14.15
11.5,88.5,26.8,13.45
23.1,76.9,12.0,23.8
16.3,83.7,22.1,11.95
25.8,74.2,12.8,14.2
23.4,76.6,12.6,12.75
28.5,71.5,8.8,17.4
14.5,85.5,20.6,7.1
20.0,80.0,19.2,11.05
31.0,69.0,9.2,18.15
22.3,77.7,11.1,13.05
22.6,77.4,15.5,14.75
23.1,76.9,14.9,15.55
18.4,81.6,17.9,12.7
23.0,77.0,13.8,17.65
30.8,69.2,11.1,17.95
28.2,71.8,11.0,24.0
28.6,71.4,7.8,16.15
18.6,81.4,19.0,11.85
23.2,76.8,12.2,15.55
20.0,80.0,15.6,10.7
14.9,85.1,34.0,10.35
28.1,71.9,10.4,21.0
31.1,68.9,11.7,16.5
19.4,80.6,14.9,10.25
21.4,78.6,14.5,14.45
17.2,82.8,18.9,15.45
28.4,71.6,10.1,18.85
20.3,79.7,16.5,10.8
20.3,79.7,14.8,14.95
22.0,78.0,12.1,12.25
32.1,67.9,7.3,20.55
23.4,76.6,14.0,14.95
35.7,64.3,8.0,16.0
21.6,78.4,15.6,10.0
14.6,85.4,27.0,9.25
31.7,68.3,7.4,30.9
29.7,70.3,10.7,17.65
27.3,72.7,9.4,19.55
21.9,78.1,12.4,14.7
25.2,74.8,12.9,25.55
21.2,78.8,11.8,22.3
18.8,81.2,14.8,11.8
25.5,74.5,10.6,14.5
20.4,79.6,7.5,8.3
18.1,81.9,13.2,5.7
30.9,69.1,9.4,14.65
22.2,77.8,13.5,10.95
30.9,69.1,10.1,14.7
11.7,88.3,33.8,8.25
33.9,66.1,5.2,19.0
26.8,73.2,9.9,19.55
24.8,75.2,11.0,13.85
22.1,77.9,11.2,16.25
20.6,79.4,15.8,13.5
15.7,84.3,22.6,7.15
21.7,78.3,13.9,12.75
24.9,75.1,10.9,18.25
27.4,72.6,7.6,26.45
15.3,84.7,24.5,15.2
26.3,73.7,13.3,10.15
21.0,79.0,11.5,12.15
16.6,83.4,16.1,8.8
27.0,73.0,9.0,22.45
27.3,72.7,10.4,12.7
10.0,90.0,22.3,10.25
20.0,80.0,12.6,8.75
24.4,75.6,6.3,16.5
20.1,79.9,11.9,14.65
28.6,71.4,10.5,23.15
23.4,76.6,10.6,6.4
25.9,74.1,12.0,24.8
29.2,70.8,10.1,11.6
19.2,80.8,21.7,13.0
25.7,74.3,11.2,12.1
18.7,81.3,16.7,8.45
18.9,81.1,14.2,9.3
12.1,87.9,26.3,8.1
26.5,73.5,9.9,20.5
25.9,74.1,13.3,14.65
19.1,80.9,15.2,9.55
15.1,84.9,27.8,12.7
21.7,78.3,12.8,11.85
19.1,80.9,11.5,20.85
17.9,82.1,20.0,10.65
14.6,85.4,23.0,8.95
16.8,83.2,13.8,9.45
24.8,75.2,10.0,18.1
25.3,74.7,12.2,14.05
33.9,66.1,6.3,18.85
25.3,74.7,9.0,21.45
24.7,75.3,10.9,15.15
15.6,84.4,27.9,12.05
25.0,75.0,8.7,12.8
18.0,82.0,18.4,16.5
25.7,74.3,11.0,12.85
5.2,94.8,51.8,6.4
12.3,87.7,24.0,8.2
25.2,74.8,11.3,14.9
27.3,72.7,12.4,15.05
22.0,78.0,15.9,9.55
14.8,85.2,23.9,6.0
16.0,84.0,18.8,8.5
8.5,91.5,25.9,3.95
26.2,73.8,11.0,20.15
18.8,81.2,17.9,12.45
26.6,73.4,18.5,5.6
11.0,89.0,24.0,7.65
19.4,80.6,17.9,9.2
15.3,84.7,24.5,7.5
30.5,69.5,9.2,17.3
11.4,88.6,21.2,7.85
18.6,81.4,25.3,12.95
11.7,88.3,25.4,6.95
14.9,85.1,19.1,1.7
19.9,80.1,14.8,14.8
16.5,83.5,18.1,12.75
15.7,84.3,26.1,8.8
15.5,84.5,39.3,7.15
19.8,80.2,30.4,12.35
19.0,81.0,15.0,13.35
46.3,53.7,12.5,24.45
18.3,81.7,15.0,13.45
23.2,76.8,10.5,16.55
16.5,83.5,21.4,7.0
24.4,75.6,14.3,14.1
21.8,78.2,14.7,10.7
13.7,86.3,17.1,13.75
37.7,62.3,14.5,25.35
25.3,74.7,14.9,10.25
12.1,87.9,23.6,6.7
17.7,82.3,12.9,13.1
31.9,68.1,14.9,11.4
15.2,84.8,16.2,14.1
25.8,74.2,11.8,13.25
17.9,82.1,15.7,7.4
10.8,89.2,19.3,12.3
33.5,66.5,11.7,9.55
13.7,86.3,11.8,11.0
22.2,77.8,13.7,16.6
7.2,92.8,48.3,6.95
25.8,74.2,18.3,21.7
20.4,79.6,15.3,14.3
11.4,88.6,32.6,6.35
25.3,74.7,18.1,15.3
28.3,71.7,10.5,14.3
18.2,81.8,19.5,7.2
12.4,87.6,15.4,7.25
20.9,79.1,15.9,4.9
27.8,72.2,13.1,19.85
38.1,61.9,9.1,12.7
24.8,75.2,13.3,13.35
38.2,61.8,13.8,39.0
28.2,71.8,8.4,12.7
23.5,76.5,28.0,10.6
33.0,67.0,8.7,15.65
33.7,66.3,13.2,10.95
15.8,84.2,15.0,15.0
8.8,91.2,39.5,6.65
24.5,75.5,12.1,15.85
27.1,72.9,12.7,13.1
39.0,61.0,12.6,23.3
17.8,82.2,16.6,11.3
35.1,64.9,8.5,24.15
22.3,77.7,15.5,17.85
27.1,72.9,13.1,13.95
32.3,67.7,22.1,14.05
17.1,82.9,21.0,7.8
29.0,71.0,19.3,21.65
20.5,79.5,24.0,15.15
26.5,73.5,9.8,20.4
17.6,82.4,14.7,10.4
21.0,79.0,17.6,11.7
19.0,81.0,15.2,8.25
25.4,74.6,17.1,13.55
24.2,75.8,15.6,9.95
11.4,88.6,40.4,8.85
17.3,82.7,23.6,11.4
21.3,78.7,14.0,10.9
35.7,64.3,8.1,22.1
41.8,58.2,12.9,11.6
14.1,85.9,26.3,9.95
37.1,62.9,8.6,7.3
13.6,86.4,26.8,6.05
22.0,78.0,16.4,1.1
16.2,83.8,18.0,12.3
32.4,67.6,13.9,21.3
20.7,79.3,12.2,11.7
14.8,85.2,19.2,9.1
17.6,82.4,20.3,10.9
22.8,77.2,11.3,15.7
14.9,85.1,24.0,9.75
30.0,70.0,14.1,16.0
27.8,72.2,15.2,14.75
17.4,82.6,23.4,9.1
24.0,76.0,20.2,7.0
20.6,79.4,14.7,15.95
14.9,85.1,15.4,6.85
22.4,77.6,27.7,12.0
16.3,83.7,16.2,10.35
21.6,78.4,19.8,8.65
22.1,77.9,11.7,13.2
11.9,88.1,35.0,7.55
19.3,80.7,16.3,7.7
21.0,79.0,14.2,9.6
39.8,60.2,15.1,25.3
21.9,78.1,15.3,10.15
25.9,74.1,18.0,16.85
13.8,86.2,23.9,5.1
21.3,78.7,16.7,10.55
21.5,78.5,13.4,13.05
29.2,70.8,10.1,9.85
49.5,50.5,10.5,29.8
20.0,80.0,17.0,10.1
16.5,83.5,13.0,6.65
18.4,81.6,12.3,2.75
21.1,78.9,10.5,7.55
22.8,77.2,16.9,9.6
18.4,81.6,14.0,10.75
16.1,83.9,34.3,6.05
18.6,81.4,17.8,11.8
31.1,68.9,12.4,19.1
29.4,70.6,10.6,16.95
18.3,81.7,16.1,7.75
30.4,69.6,9.3,7.75
34.4,65.6,8.4,18.65
17.3,82.7,17.2,7.3
8.9,91.1,35.5,6.05
20.1,29.9,8.95,45.5
9.4,90.6,19.4,3.75
13.8,86.2,27.0,6.15
23.5,76.5,20.3,5.5
4.6,45.4,18.4,0.0
24.6,75.4,14.5,16.55
23.9,76.1,20.4,14.55
24.5,75.5,12.9,13.55
17.6,82.4,17.4,12.4
28.1,71.9,13.8,12.85
17.4,82.6,17.3,10.35
40.1,59.9,8.1,25.3
23.7,76.3,14.0,9.75
20.9,79.1,14.5,10.2
21.3,78.7,12.6,9.4
26.8,73.2,8.8,13.35
25.5,74.5,12.0,12.55
18.5,81.5,22.5,18.75
22.9,77.1,14.0,8.25
12.0,88.0,26.0,6.2
3.85,46.15,8.95,0.0
16.6,83.4,27.5,7.8
25.8,74.2,15.9,13.4
25.2,74.8,20.4,15.25
19.7,80.3,20.6,10.55
21.3,78.7,10.5,5.0
21.8,78.2,11.5,12.5
23.1,76.9,11.2,19.25
29.1,70.9,12.6,10.3
20.1,79.9,28.9,16.2
23.4,76.6,14.1,12.3
44.8,55.2,13.7,37.1
21.7,78.3,19.3,13.05
19.9,80.1,13.9,15.95
18.8,81.2,23.9,10.85
18.5,81.5,13.5,13.25
22.8,77.2,18.7,14.2
26.6,73.4,9.4,18.25
18.8,81.2,16.7,11.7
14.1,85.9,29.7,6.95
30.5,69.5,13.7,6.9
17.7,82.3,17.3,11.75
15.3,84.7,18.5,18.15
19.5,80.5,24.0,11.85
23.5,76.5,15.7,12.0
22.3,77.7,8.6,12.0
22.6,77.4,17.1,14.6
21.8,78.2,19.9,14.25
29.3,70.7,17.9,15.1
17.7,82.3,29.8,14.4
14.2,85.8,12.5,11.05
23.2,76.8,13.7,10.25
18.5,81.5,11.4,13.55
14.6,85.4,22.4,7.95
35.0,65.0,15.7,19.25
34.9,65.1,11.3,18.55
25.1,74.9,10.6,9.8
24.6,75.4,15.0,11.65
46.3,53.7,17.8,35.55
19.2,80.8,12.1,9.85
8.7,91.3,30.1,5.6
31.5,68.5,10.0,15.95
22.4,77.6,19.4,14.5
27.5,72.5,8.6,18.95
47.2,52.8,7.6,27.1
27.3,72.7,11.2,14.4
8.1,91.9,34.1,16.6
23.4,76.6,15.8,17.75
8.7,91.3,35.6,6.65
22.9,77.1,16.4,15.55
20.6,79.4,14.8,12.0
22.5,77.5,12.2,13.4
28.6,71.4,11.9,27.8
23.0,77.0,9.6,15.4
23.7,76.3,15.1,11.95
18.6,81.4,18.1,15.95
21.5,78.5,17.4,12.6
25.8,74.2,16.3,9.75
13.2,86.8,27.6,9.8
24.6,75.4,13.5,18.15
25.6,74.4,19.1,3.05
15.8,84.2,24.5,7.4
12.6,87.4,28.4,10.5
52.1,47.9,9.8,34.6
17.8,82.2,12.2,9.45
22.5,77.5,22.7,30.6
14.5,85.5,22.4,6.35
30.6,69.4,11.8,19.95
24.1,75.9,14.6,10.95
16.2,83.8,28.7,8.6
15.9,84.1,24.2,9.4
19.6,80.4,20.7,7.25
31.9,68.1,14.3,18.65
21.6,78.4,16.7,6.15
27.1,72.9,13.7,11.35
18.8,81.2,21.6,10.3
13.7,86.3,43.5,8.2
19.1,80.9,11.2,12.65
17.1,82.9,12.2,11.45
16.6,83.4,15.1,7.35
24.5,75.5,12.7,17.3
30.1,69.9,16.1,17.25
36.0,64.0,15.8,25.85
21.2,78.8,12.1,12.7
19.9,80.1,16.9,10.95
19.7,80.3,17.1,8.35
20.5,79.5,19.6,12.25
29.6,70.4,10.0,16.7
20.8,79.2,25.8,10.05
37.3,62.7,16.7,25.9
24.9,75.1,15.4,16.3
20.6,79.4,15.1,11.3
17.2,82.8,20.0,9.1
26.4,73.6,15.9,11.6
42.6,57.4,8.6,39.15
8.4,91.6,37.3,4.95
15.5,84.5,18.2,10.55
37.1,62.9,9.8,15.1
18.5,81.5,15.6,4.9
19.2,80.8,16.5,7.8
28.6,71.4,15.0,12.35
23.5,76.5,13.6,14.45
43.3,56.7,9.6,20.1
42.3,57.7,7.7,22.3
9.7,90.3,10.4,12.15
8.6,91.4,22.7,5.55
7.6,92.4,35.1,8.15
14.3,85.7,14.2,7.55
15.5,84.5,18.8,2.15
5.0,95.0,33.8,5.1
15.1,84.9,16.0,5.8
9.6,90.4,13.2,11.4
8.1,91.9,19.6,14.05
16.1,83.9,24.3,11.9
9.0,91.0,28.2,6.05
8.5,91.5,13.1,15.85
10.5,89.5,23.7,3.8
13.6,86.4,19.3,9.05
3.1,96.9,27.1,1.45
11.3,88.7,16.2,7.3
5.1,94.9,22.2,9.7
11.1,88.9,30.1,7.5
18.2,81.8,17.2,25.3
11.8,88.2,18.7,9.6
10.0,90.0,16.9,7.4
6.3,93.7,50.8,4.95
8.2,91.8,18.6,5.6
15.5,84.5,14.7,9.45
6.7,93.3,35.5,5.2
9.0,91.0,31.1,1.95
9.3,90.7,24.0,5.25
10.0,90.0,22.7,7.6
10.9,89.1,22.5,6.75
10.2,89.8,32.6,7.0
10.2,89.8,31.1,6.1
11.5,88.5,27.5,13.2
7.3,92.7,44.8,7.35
17.2,82.8,15.9,10.75
12.2,87.8,21.2,9.55
7.9,92.1,28.6,3.2
7.8,92.2,34.6,9.35
9.7,90.3,29.2,7.0
15.0,85.0,19.9,14.75
10.9,89.1,26.3,8.5
7.6,92.4,37.4,7.3
8.7,91.3,33.8,7.8
8.4,91.6,32.8,7.75
21.1,78.9,18.0,16.5
9.1,90.9,51.6,6.95
18.2,81.8,14.9,7.25
22.0,78.0,13.1,9.8
21.7,78.3,15.6,14.0
20.2,79.8,11.8,11.4
7.5,92.5,70.1,9.7
16.3,83.7,19.1,9.15
20.8,79.2,11.5,12.65
15.0,85.0,24.2,7.5
17.0,83.0,12.0,13.1
10.8,89.2,22.9,6.15
32.8,67.2,11.9,21.4
36.3,63.7,8.9,14.7
38.4,61.6,12.4,22.55
17.4,82.6,16.3,6.7
18.2,81.8,15.5,11.65
27.6,72.4,11.7,12.15
25.2,74.8,10.9,12.65
28.4,71.6,15.1,15.6
10.6,89.4,35.7,4.45
12.5,87.5,29.2,6.3
16.6,83.4,13.6,10.95
17.4,82.6,21.6,6.85
27.5,72.5,12.5,14.85
35.8,64.2,8.6,11.1
22.9,77.1,13.1,11.8
19.9,80.1,16.6,10.75
8.1,91.9,58.0,4.45
10.3,89.7,30.8,6.0
20.5,79.5,19.3,15.3
14.5,85.5,25.8,6.55
20.1,79.9,15.2,8.15
17.0,83.0,23.1,6.65
19.7,80.3,16.1,12.5
14.7,85.3,19.2,8.05
20.7,79.3,30.7,8.0
26.6,73.4,10.3,18.1
20.5,79.5,20.0,14.3
30.3,69.7,5.5,14.6
27.1,72.9,13.2,20.55
8.8,91.2,33.0,7.3
10.9,89.1,38.9,5.6
27.7,72.3,10.9,12.9
26.3,73.7,21.4,11.2
13.8,86.2,25.1,6.65
6.7,93.3,45.0,2.25
24.2,75.8,9.9,15.4
9.8,90.2,30.5,5.35
13.0,87.0,19.8,5.4
17.7,82.3,27.7,6.9
28.5,71.5,12.0,18.85
6.5,93.5,57.2,4.25
19.4,80.6,17.9,11.85
28.5,71.5,10.0,16.95
19.6,80.4,20.7,11.6
15.5,84.5,20.6,4.55
24.8,75.2,13.4,14.2
12.4,87.6,27.5,9.75
11.9,88.1,39.4,6.0
22.3,77.7,22.9,9.6
13.7,86.3,22.6,7.65
22.0,78.0,18.8,22.5
15.9,84.1,22.3,4.8
27.2,72.8,11.6,16.1
16.5,83.5,21.5,9.35
27.5,72.5,11.1,6.4
25.9,74.1,9.5,14.65
24.0,76.0,12.8,15.85
20.7,79.3,21.9,7.65
18.8,81.2,18.5,7.35
13.9,86.1,17.2,6.6
11.6,88.4,37.5,5.4
20.9,79.1,13.9,12.2
20.2,79.8,37.4,8.85
25.4,74.6,9.8,17.5
10.3,89.7,32.6,4.45
20.4,79.6,21.8,9.75
22.1,77.9,21.9,8.05
28.6,71.4,10.7,17.15
26.4,73.6,10.3,22.65
17.3,82.7,17.5,10.4
24.3,75.7,14.6,11.35
26.6,73.4,12.6,15.15
11.5,88.5,29.9,6.6
8.5,91.5,35.4,5.1
21.2,78.8,13.6,11.3
32.2,67.8,10.0,16.65
24.4,75.6,14.3,11.75
16.7,83.3,21.4,9.15
19.6,80.4,20.5,8.65
23.5,76.5,15.9,11.4
29.7,70.3,11.3,9.15
23.0,77.0,14.0,11.1
5.5,94.5,41.5,6.0
9.1,90.9,60.4,8.45
15.5,84.5,20.8,6.7
20.2,79.8,19.7,13.3
27.2,72.8,16.5,5.95
14.8,85.2,46.7,8.25
10.7,89.3,27.9,8.3
11.9,88.1,20.0,6.1
19.1,80.9,10.4,5.35
24.2,75.8,16.2,14.8
28.4,71.6,15.4,20.3
6.9,93.1,53.2,0.15
4.3,95.7,71.0,8.3
23.9,76.1,19.0,16.35
13.4,86.6,31.9,8.8
26.5,73.5,12.7,21.7
11.4,88.6,21.8,8.2
22.5,77.5,33.3,10.55
23.9,76.1,10.9,12.8
18.7,81.3,44.4,22.6
16.9,83.1,28.3,10.35
19.4,80.6,28.3,6.2
21.5,78.5,21.9,4.35
21.7,78.3,20.4,16.85
11.1,88.9,23.5,8.4
16.1,83.9,23.7,11.8
22.4,77.6,20.6,21.5
28.0,72.0,15.2,10.85
6.1,93.9,36.0,10.05
18.3,81.7,18.7,11.85
11.1,88.9,35.1,6.95
19.8,80.2,32.6,15.5
19.1,80.9,21.9,11.05
12.5,87.5,29.1,5.3
17.3,82.7,28.5,9.55
15.3,84.7,25.1,8.35
7.5,92.5,31.9,4.65
18.8,81.2,21.8,11.1
6.5,93.5,43.3,8.25
20.3,79.7,29.7,4.4
32.5,67.5,13.4,13.85
11.1,88.9,18.2,5.85
12.0,88.0,27.6,5.95
16.9,83.1,23.2,9.5
8.9,91.1,23.3,5.6
9.2,90.8,25.7,7.55
10.6,89.4,20.0,10.55
13.9,86.1,14.7,7.0
20.7,79.3,17.3,3.8
11.4,88.6,16.7,13.25
32.4,67.6,14.6,14.15
8.3,91.7,17.7,10.0
25.0,75.0,14.4,7.75
15.6,84.4,14.5,8.45
5.2,94.8,29.8,4.1
5.8,94.2,34.8,7.9
8.1,91.9,45.2,8.75
7.3,92.7,28.0,5.2
10.2,89.8,31.9,6.65
12.8,87.2,17.9,10.2
15.1,84.9,15.0,8.75
8.7,91.3,20.3,5.85
13.4,86.6,17.9,9.8
16.2,83.8,17.7,9.6
13.9,86.1,16.8,9.7
12.3,87.7,17.9,12.0
10.2,89.8,23.4,8.55
5.7,94.3,44.9,5.75
12.3,87.7,23.2,6.15
9.8,90.2,19.7,5.0
9.3,90.7,28.2,7.5
8.0,92.0,27.9,8.55
9.8,90.2,19.2,10.6
7.4,92.6,31.6,5.8
7.6,92.4,15.3,11.85
13.4,86.6,24.2,9.45
9.3,90.7,31.7,7.25
4.3,95.7,47.4,6.3
29.2,70.8,15.6,12.3
19.6,80.4,13.3,14.0
15.1,84.9,19.7,7.15
28.5,71.5,8.2,12.2
26.1,73.9,9.5,13.55
12.1,87.9,15.6,7.4
14.3,85.7,23.0,10.6
28.3,71.7,8.0,6.6
27.0,73.0,8.3,17.6
26.1,73.9,8.0,20.95
23.4,76.6,10.7,14.0
25.1,74.9,12.2,14.45
20.6,79.4,11.5,15.4
22.2,77.8,17.2,13.55
21.6,78.4,9.4,16.5
12.5,87.5,15.3,6.8
19.1,80.9,9.5,14.0
15.9,84.1,17.6,8.95
17.8,82.2,14.5,10.3
14.8,85.2,27.7,7.45
14.1,85.9,23.4,8.5
20.6,79.4,12.0,12.6
33.6,66.4,7.7,12.4
25.1,74.9,8.9,7.2
40.4,59.6,6.3,20.45
13.6,86.4,19.2,8.65
14.8,85.2,12.2,10.0
21.0,79.0,10.3,10.2
20.9,79.1,16.4,11.85
13.6,86.4,13.0,12.4
30.5,69.5,9.0,11.2
12.8,87.2,35.8,8.25
24.3,75.7,13.3,5.8
15.9,84.1,12.7,10.85
20.1,79.9,13.0,12.0
10.9,89.1,25.9,9.35
20.1,79.9,13.1,19.95
12.9,87.1,10.4,11.05
21.0,79.0,13.5,15.5
17.5,82.5,11.6,10.6
11.1,88.9,23.8,7.05
21.6,78.4,15.4,10.45
18.9,81.1,17.6,10.85
20.5,79.5,10.3,15.25
23.4,76.6,9.1,16.2
24.3,75.7,11.2,20.35
16.6,83.4,14.5,15.5
18.5,81.5,13.7,19.65
17.2,82.8,8.3,9.7
20.4,79.6,15.2,13.9
21.9,78.1,12.7,14.9
30.9,69.1,8.0,11.25
17.5,82.5,12.6,12.1
16.0,84.0,11.0,9.9
13.4,86.6,19.1,8.35
27.3,72.7,9.3,9.95
16.0,84.0,10.8,6.4
10.5,89.5,20.7,12.75
13.9,86.1,17.6,11.75
8.2,91.8,26.8,7.45
10.0,90.0,25.6,7.1
12.3,87.7,15.5,11.25
12.0,88.0,16.0,11.45
8.0,92.0,25.3,6.15
11.6,88.4,17.5,8.4
19.3,80.7,11.3,12.15
9.4,90.6,19.9,7.85
11.3,88.7,15.9,10.25
5.7,94.3,45.4,5.4
13.9,86.1,15.2,7.45
7.5,92.5,27.5,5.25
9.5,90.5,22.0,7.2
9.3,90.7,24.9,6.85
8.2,91.8,30.2,6.5
12.6,87.4,12.1,15.25
11.5,88.5,18.0,7.6
14.4,85.6,12.0,9.85
11.2,88.8,19.2,9.95
9.9,90.1,18.8,8.8
13.0,87.0,16.5,7.5
8.1,91.9,22.3,8.85
11.2,88.8,17.9,13.1
14.0,86.0,14.8,9.7
10.9,89.1,22.7,6.9
15.3,84.7,12.1,10.35
12.3,87.7,22.5,10.1
10.2,89.8,13.6,7.8
7.1,92.9,28.8,9.1
11.9,88.1,15.9,10.35
12.7,87.3,12.9,8.75
12.7,87.3,14.7,9.0
10.3,89.7,17.5,8.1
11.6,88.4,20.8,8.15
12.4,87.6,14.2,9.5
14.4,85.6,12.8,8.5
18.0,82.0,10.5,10.5
15.1,84.9,26.7,10.5
12.3,87.7,16.4,8.35
12.8,87.2,13.2,10.3
8.1,91.9,22.4,8.45
7.7,92.3,25.8,7.65
4.9,95.1,43.1,3.8
11.5,88.5,17.2,9.35
7.7,92.3,25.4,7.9
8.6,91.4,18.4,9.25
9.6,90.4,27.1,8.8
10.6,89.4,15.3,8.25
12.7,87.3,23.1,11.05
13.4,86.6,14.4,7.7
12.6,87.4,19.8,7.0
14.7,85.3,14.8,12.45
5.4,94.6,32.5,6.95
11.2,88.8,20.0,7.7
12.3,87.7,20.5,9.9
13.5,86.5,14.4,9.7
10.5,89.5,20.5,5.35
15.4,84.6,13.6,14.2
14.3,85.7,17.1,14.1
14.5,85.5,18.8,9.75
8.3,91.7,25.0,6.25
10.8,89.2,25.1,7.5
10.3,89.7,18.7,9.0
7.8,92.2,26.0,5.3
5.0,95.0,39.2,3.95
11.8,88.2,16.1,10.0
15.6,84.4,13.3,8.45
10.2,89.8,23.7,7.25
10.8,89.2,19.2,7.25
6.7,93.3,47.4,5.5
10.6,89.4,20.3,7.75
9.0,91.0,17.6,3.65
9.1,90.9,17.9,11.1
8.0,92.0,17.6,7.55
8.1,91.9,22.8,7.4
11.2,88.8,22.8,7.0
10.0,90.0,19.6,6.6
11.9,88.1,19.3,4.25
5.4,94.6,25.3,6.65
8.4,91.6,22.9,4.2
8.9,91.1,19.3,5.15
8.1,91.9,20.9,8.85
8.9,91.1,19.7,14.95
7.4,92.6,27.7,6.45
11.0,89.0,17.3,5.15
7.3,92.7,23.1,7.55
7.6,92.4,22.8,0.9
10.1,89.9,17.1,5.7
4.9,95.1,49.7,1.4
11.7,88.3,17.4,7.6
10.4,89.6,24.5,9.0
8.9,91.1,17.9,10.45
